timestamp, utilization.gpu [%], utilization.memory [%], memory.used [MiB], memory.total [MiB], temperature.gpu, power.draw [W]
2026/01/20 18:26:57.771, 1 %, 3 %, 11285 MiB, 12288 MiB, 51, 14.43 W
2026/01/20 18:26:58.773, 1 %, 3 %, 11283 MiB, 12288 MiB, 51, 14.89 W
2026/01/20 18:26:59.792, 0 %, 12 %, 11283 MiB, 12288 MiB, 51, 14.54 W
2026/01/20 18:27:00.794, 73 %, 62 %, 11330 MiB, 12288 MiB, 58, 50.07 W
2026/01/20 18:27:01.795, 83 %, 72 %, 11326 MiB, 12288 MiB, 59, 126.45 W
2026/01/20 18:27:02.814, 83 %, 71 %, 11317 MiB, 12288 MiB, 60, 127.73 W
2026/01/20 18:27:03.816, 79 %, 32 %, 11317 MiB, 12288 MiB, 60, 127.32 W
2026/01/20 18:27:04.836, 78 %, 68 %, 11317 MiB, 12288 MiB, 60, 126.57 W
2026/01/20 18:27:05.838, 82 %, 71 %, 11304 MiB, 12288 MiB, 60, 128.79 W
2026/01/20 18:27:06.839, 90 %, 37 %, 11322 MiB, 12288 MiB, 61, 129.49 W
2026/01/20 18:27:07.841, 81 %, 71 %, 11319 MiB, 12288 MiB, 61, 128.69 W
2026/01/20 18:27:08.856, 80 %, 71 %, 11311 MiB, 12288 MiB, 61, 128.79 W
2026/01/20 18:27:09.858, 81 %, 70 %, 11311 MiB, 12288 MiB, 63, 130.86 W
2026/01/20 18:27:10.859, 81 %, 71 %, 11306 MiB, 12288 MiB, 63, 131.37 W
2026/01/20 18:27:11.875, 82 %, 72 %, 11304 MiB, 12288 MiB, 63, 129.88 W
2026/01/20 18:27:12.877, 79 %, 68 %, 11327 MiB, 12288 MiB, 63, 127.52 W
2026/01/20 18:27:13.878, 77 %, 68 %, 11327 MiB, 12288 MiB, 63, 126.35 W
2026/01/20 18:27:14.895, 82 %, 74 %, 11328 MiB, 12288 MiB, 63, 130.05 W
2026/01/20 18:27:15.896, 83 %, 73 %, 11327 MiB, 12288 MiB, 63, 133.93 W
2026/01/20 18:27:16.897, 84 %, 74 %, 11316 MiB, 12288 MiB, 63, 133.36 W
2026/01/20 18:27:18.247, 84 %, 75 %, 11316 MiB, 12288 MiB, 63, 133.15 W
2026/01/20 18:27:19.729, 83 %, 74 %, 11316 MiB, 12288 MiB, 62, 131.82 W
2026/01/20 18:27:20.749, 85 %, 75 %, 11316 MiB, 12288 MiB, 63, 134.20 W
2026/01/20 18:27:21.751, 81 %, 72 %, 11317 MiB, 12288 MiB, 62, 131.09 W
2026/01/20 18:27:22.752, 83 %, 72 %, 11329 MiB, 12288 MiB, 62, 131.52 W
2026/01/20 18:27:23.754, 73 %, 65 %, 11329 MiB, 12288 MiB, 62, 132.08 W
2026/01/20 18:27:24.774, 82 %, 74 %, 11328 MiB, 12288 MiB, 62, 121.86 W
2026/01/20 18:27:25.796, 84 %, 74 %, 11317 MiB, 12288 MiB, 62, 130.76 W
2026/01/20 18:27:26.846, 0 %, 0 %, 11317 MiB, 12288 MiB, 57, 54.80 W
2026/01/20 18:27:27.884, 0 %, 0 %, 11317 MiB, 12288 MiB, 56, 43.82 W
2026/01/20 18:27:28.925, 6 %, 1 %, 11341 MiB, 12288 MiB, 55, 29.04 W
2026/01/20 18:27:29.969, 6 %, 2 %, 11344 MiB, 12288 MiB, 53, 19.35 W
2026/01/20 18:27:31.001, 0 %, 1 %, 11341 MiB, 12288 MiB, 53, 16.43 W
2026/01/20 18:27:32.048, 3 %, 4 %, 11331 MiB, 12288 MiB, 52, 14.72 W
2026/01/20 18:27:33.088, 7 %, 4 %, 11342 MiB, 12288 MiB, 52, 15.80 W
2026/01/20 18:27:34.125, 7 %, 5 %, 11342 MiB, 12288 MiB, 51, 15.60 W
2026/01/20 18:27:35.127, 6 %, 8 %, 11350 MiB, 12288 MiB, 51, 14.60 W
2026/01/20 18:27:36.130, 61 %, 46 %, 11354 MiB, 12288 MiB, 51, 16.55 W
2026/01/20 18:27:37.134, 82 %, 68 %, 11354 MiB, 12288 MiB, 57, 99.29 W
2026/01/20 18:27:38.142, 83 %, 70 %, 11351 MiB, 12288 MiB, 57, 121.05 W
2026/01/20 18:27:39.143, 84 %, 70 %, 11339 MiB, 12288 MiB, 57, 122.37 W
2026/01/20 18:27:40.144, 86 %, 65 %, 11338 MiB, 12288 MiB, 58, 113.76 W
2026/01/20 18:27:41.146, 83 %, 70 %, 11338 MiB, 12288 MiB, 57, 121.91 W
2026/01/20 18:27:42.148, 75 %, 63 %, 11338 MiB, 12288 MiB, 57, 121.65 W
2026/01/20 18:27:43.151, 74 %, 61 %, 11338 MiB, 12288 MiB, 57, 122.80 W
2026/01/20 18:27:44.152, 85 %, 71 %, 11338 MiB, 12288 MiB, 57, 126.50 W
2026/01/20 18:27:45.154, 84 %, 72 %, 11338 MiB, 12288 MiB, 58, 122.51 W
2026/01/20 18:27:46.156, 84 %, 71 %, 11332 MiB, 12288 MiB, 58, 123.10 W
2026/01/20 18:27:47.158, 80 %, 67 %, 11330 MiB, 12288 MiB, 58, 124.70 W
2026/01/20 18:27:48.160, 82 %, 70 %, 11329 MiB, 12288 MiB, 58, 120.69 W
2026/01/20 18:27:49.942, 83 %, 69 %, 11329 MiB, 12288 MiB, 58, 122.97 W
2026/01/20 18:27:50.945, 82 %, 68 %, 11328 MiB, 12288 MiB, 57, 124.90 W
2026/01/20 18:27:51.946, 81 %, 68 %, 11328 MiB, 12288 MiB, 58, 122.04 W
2026/01/20 18:27:52.948, 83 %, 70 %, 11328 MiB, 12288 MiB, 58, 123.09 W
2026/01/20 18:27:53.950, 96 %, 39 %, 11328 MiB, 12288 MiB, 58, 122.85 W
2026/01/20 18:27:54.952, 84 %, 71 %, 11327 MiB, 12288 MiB, 58, 122.95 W
2026/01/20 18:27:55.954, 85 %, 73 %, 11327 MiB, 12288 MiB, 58, 122.95 W
2026/01/20 18:27:56.956, 84 %, 70 %, 11327 MiB, 12288 MiB, 58, 122.87 W
2026/01/20 18:27:57.958, 0 %, 0 %, 11327 MiB, 12288 MiB, 53, 54.28 W
2026/01/20 18:27:58.960, 0 %, 0 %, 11327 MiB, 12288 MiB, 52, 45.36 W
2026/01/20 18:27:59.968, 3 %, 3 %, 11327 MiB, 12288 MiB, 50, 24.13 W
2026/01/20 18:28:00.971, 1 %, 2 %, 11327 MiB, 12288 MiB, 49, 14.95 W
2026/01/20 18:28:01.990, 0 %, 5 %, 11327 MiB, 12288 MiB, 49, 14.17 W
2026/01/20 18:28:02.993, 0 %, 3 %, 11327 MiB, 12288 MiB, 48, 13.93 W
2026/01/20 18:28:03.996, 0 %, 10 %, 11327 MiB, 12288 MiB, 48, 13.68 W
2026/01/20 18:28:04.997, 0 %, 3 %, 11327 MiB, 12288 MiB, 47, 13.73 W
2026/01/20 18:28:05.999, 0 %, 3 %, 11332 MiB, 12288 MiB, 47, 13.74 W
2026/01/20 18:28:07.001, 100 %, 68 %, 11332 MiB, 12288 MiB, 47, 16.15 W22026/01/20 18:28:08.015, 83 %, 70 %, 11331 MiB, 12288 MiB, 54, 113.04 W22026/01/20 18:28:09.016, 80 %, 69 %, 11331 MiB, 12288 MiB, 54, 126.46 W22026/01/20 18:28:10.018, 82 %, 69 %, 11331 MiB, 12288 MiB, 55, 128.08 W22026/01/20 18:28:11.020, 95 %, 37 %, 11331 MiB, 12288 MiB, 56, 130.48 W22026/01/20 18:28:12.022, 81 %, 69 %, 11329 MiB, 12288 MiB, 55, 128.95 W22026/01/20 18:28:13.024, 79 %, 69 %, 11329 MiB, 12288 MiB, 53, 126.45 W22026/01/20 18:28:14.026, 83 %, 69 %, 11329 MiB, 12288 MiB, 55, 118.32 W22026/01/20 18:28:15.028, 85 %, 53 %, 11326 MiB, 12288 MiB, 55, 129.29 W22026/01/20 18:28:16.029, 76 %, 64 %, 11331 MiB, 12288 MiB, 55, 122.54 W22026/01/20 18:28:17.031, 80 %, 69 %, 11331 MiB, 12288 MiB, 56, 126.32 W22026/01/20 18:28:18.033, 82 %, 70 %, 11331 MiB, 12288 MiB, 56, 128.10 W22026/01/20 18:28:19.035, 80 %, 66 %, 11346 MiB, 12288 MiB, 55, 127.59 W2026/01/20 18:28:20.804, 80 %, 66 %, 11345 MiB, 12288 MiB, 55, 125.00 W
2026/01/20 18:28:21.822, 81 %, 70 %, 11341 MiB, 12288 MiB, 56, 126.81 W
2026/01/20 18:28:22.858, 83 %, 71 %, 11341 MiB, 12288 MiB, 54, 129.02 W
2026/01/20 18:28:23.860, 0 %, 0 %, 11332 MiB, 12288 MiB, 51, 48.60 W
2026/01/20 18:28:24.862, 0 %, 0 %, 11331 MiB, 12288 MiB, 49, 42.25 W
22026/01/20 18:28:25.866, 0 %, 2 %, 11351 MiB, 12288 MiB, 48, 23.14 W22026/01/20 18:28:26.870, 6 %, 5 %, 11349 MiB, 12288 MiB, 47, 15.57 W22026/01/20 18:28:27.904, 1 %, 3 %, 11349 MiB, 12288 MiB, 46, 14.02 W22026/01/20 18:28:28.935, 8 %, 19 %, 11353 MiB, 12288 MiB, 46, 14.12 W22026/01/20 18:28:29.966, 0 %, 10 %, 11354 MiB, 12288 MiB, 46, 13.78 W22026/01/20 18:28:31.014, 0 %, 26 %, 11354 MiB, 12288 MiB, 45, 13.65 W2026/01/20 18:28:32.016, 0 %, 7 %, 11354 MiB, 12288 MiB, 45, 13.72 W
2026/01/20 18:28:33.019, 36 %, 22 %, 11330 MiB, 12288 MiB, 45, 15.37 W
2026/01/20 18:28:34.023, 81 %, 65 %, 11333 MiB, 12288 MiB, 52, 104.02 W
2026/01/20 18:28:35.036, 80 %, 66 %, 11342 MiB, 12288 MiB, 52, 124.31 W
2026/01/20 18:28:36.039, 77 %, 66 %, 11342 MiB, 12288 MiB, 53, 125.63 W
2026/01/20 18:28:37.042, 79 %, 64 %, 11338 MiB, 12288 MiB, 53, 123.68 W
2026/01/20 18:28:38.051,, 84 ,, 43 %, 11336 MiB, 12288 MiB, 53, 117.75 
22026/01/20 18:28:39.053, 79 %, 65 %, 11302 MiB, 12288 MiB, 53, 123.62 W22026/01/20 18:28:40.057, 80 %, 68 %, 11302 MiB, 12288 MiB, 53, 124.90 W22026/01/20 18:28:41.059, 81 %, 66 %, 11301 MiB, 12288 MiB, 54, 126.99 W22026/01/20 18:28:42.062, 93 %, 37 %, 11301 MiB, 12288 MiB, 55, 126.82 W22026/01/20 18:28:43.065, 80 %, 66 %, 11301 MiB, 12288 MiB, 54, 125.89 W22026/01/20 18:28:44.067, 78 %, 66 %, 11301 MiB, 12288 MiB, 54, 116.87 W22026/01/20 18:28:45.070, 79 %, 64 %, 11291 MiB, 12288 MiB, 54, 124.33 W22026/01/20 18:28:46.072, 54 %, 45 %, 11291 MiB, 12288 MiB, 51, 114.99 W22026/01/20 18:28:47.074, 0 %, 0 %, 11291 MiB, 12288 MiB, 49, 45.71 W22026/01/20 18:28:48.078, 6 %, 1 %, 11341 MiB, 12288 MiB, 48, 42.79 W22026/01/20 18:28:49.080, 0 %, 0 %, 11342 MiB, 12288 MiB, 47, 40.05 W2026/01/20 18:28:50.113,, 1 %, 0 %, 11350 MiB, 12288 MiB, 47, 40.16 W22026/01/20 18:28:51.947, 0 %, 0 %, 11350 MiB, 12288 MiB, 47, 40.01 W22026/01/20 18:28:52.98,, 7 ,, 4 ,, 11350 Mi,, 12288 Mi,, 4,, 30.88 
22026/01/20 18:28:54.040, 0 %, 12 %, 11350 MiB, 12288 MiB, 44, 14.90 W22026/01/20 18:28:55.072, 3 %, 34 %, 11341 MiB, 12288 MiB, 44, 13.90 W22026/01/20 18:28:56.142, 0 %, 26 %, 11332 MiB, 12288 MiB, 43, 14.41 W22026/01/20 18:28:57.171, 0 %, 17 %, 11332 MiB, 12288 MiB, 43, 13.29 W2026/01/20 18:28:58.202, 0 %, 26 %, 11338 MiB, 12288 MiB, 43, 13.29 W
2026/01/20 18:28:59.234, 0 %, 38 %, 11353 MiB, 12288 MiB, 42, 13.34 W
2026/01/20 18:29:00.266, 0 %, 36 %, 11358 MiB, 12288 MiB, 42, 13.30 W
2026/01/20 18:29:01.308, 0 %, 33 %, 11356 MiB, 12288 MiB, 42, 13.35 W
2026/01/20 18:29:02.339, 0 %, 14 %, 11356 MiB, 12288 MiB, 42, 13.43 W
2026/01/20 18:29:03.381, 0 %, 22 %, 11349 MiB, 12288 MiB, 41, 13.40 W
2026/01/20 18:29:04.420, 0 %, 27 %, 11344 MiB, 12288 MiB, 41, 13.35 W
2026/01/20 18:29:05.452, 0 %, 28 %, 11344 MiB, 12288 MiB, 41, 13.44 W
2026/01/20 18:29:06.492, 1 %, 7 %, 11334 MiB, 12288 MiB, 41, 13.97 W
2026/01/20 18:29:07.532, 2 %, 5 %, 11345 MiB, 12288 MiB, 40, 13.69 W
2026/01/20 18:29:08.563, 0 %, 8 %, 11345 MiB, 12288 MiB, 40, 13.72 W
2026/01/20 18:29:09.594, 1 %, 29 %, 11344 MiB, 12288 MiB, 40, 13.85 W
2026/01/20 18:29:10.625, 0 %, 25 %, 11349 MiB, 12288 MiB, 40, 13.12 W
2026/01/20 18:29:11.659, 1 %, 30 %, 11351 MiB, 12288 MiB, 40, 12.90 W
2026/01/20 18:29:12.691, 0 %, 14 %, 11350 MiB, 12288 MiB, 40, 12.83 W
2026/01/20 18:29:13.721, 1 %, 18 %, 11348 MiB, 12288 MiB, 39, 12.94 W
2026/01/20 18:29:14.753, 1 %, 10 %, 11347 MiB, 12288 MiB, 39, 13.34 W
2026/01/20 18:29:15.785, 1 %, 25 %, 11345 MiB, 12288 MiB, 40, 13.02 W
2026/01/20 18:29:16.815, 0 %, 29 %, 11344 MiB, 12288 MiB, 39, 13.16 W
2026/01/20 18:29:17.846, 5 %, 25 %, 11344 MiB, 12288 MiB, 40, 13.19 W
2026/01/20 18:29:18.888, 2 %, 32 %, 11344 MiB, 12288 MiB, 40, 13.02 W
2026/01/20 18:29:19.929, 1 %, 3 %, 11344 MiB, 12288 MiB, 40, 13.03 W
2026/01/20 18:29:20.978, 1 %, 8 %, 11333 MiB, 12288 MiB, 40, 12.78 W
2026/01/20 18:29:22.819, 0 %, 7 %, 11333 MiB, 12288 MiB, 40, 12.84 W
2026/01/20 18:29:23.859, 1 %, 22 %, 11344 MiB, 12288 MiB, 40, 13.10 W
2026/01/20 18:29:24.909, 0 %, 17 %, 11344 MiB, 12288 MiB, 40, 12.99 W
2026/01/20 18:29:25.942, 12 %, 8 %, 11407 MiB, 12288 MiB, 40, 14.27 W
2026/01/20 18:29:26.985, 1 %, 7 %, 11407 MiB, 12288 MiB, 40, 13.02 W
2026/01/20 18:29:28.024, 1 %, 4 %, 11387 MiB, 12288 MiB, 40, 13.09 W
2026/01/20 18:29:29.065, 1 %, 14 %, 11340 MiB, 12288 MiB, 40, 12.98 W
2026/01/20 18:29:30.108, 1 %, 12 %, 11339 MiB, 12288 MiB, 40, 12.95 W
2026/01/20 18:29:31.151, 1 %, 10 %, 11328 MiB, 12288 MiB, 40, 13.18 W
2026/01/20 18:29:32.194, 0 %, 3 %, 11328 MiB, 12288 MiB, 40, 13.12 W
2026/01/20 18:29:33.244, 1 %, 20 %, 11328 MiB, 12288 MiB, 40, 13.08 W
2026/01/20 18:29:34.287, 1 %, 16 %, 11338 MiB, 12288 MiB, 40, 13.21 W
2026/01/20 18:29:35.328, 8 %, 7 %, 11345 MiB, 12288 MiB, 40, 13.54 W
2026/01/20 18:29:36.366, 3 %, 8 %, 11345 MiB, 12288 MiB, 40, 12.90 W
2026/01/20 18:29:37.405, 3 %, 5 %, 11342 MiB, 12288 MiB, 40, 12.76 W
2026/01/20 18:29:38.446, 4 %, 18 %, 11345 MiB, 12288 MiB, 40, 13.27 W
2026/01/20 18:29:39.482, 7 %, 4 %, 11349 MiB, 12288 MiB, 40, 14.76 W
2026/01/20 18:29:40.539, 0 %, 17 %, 11360 MiB, 12288 MiB, 40, 13.90 W
2026/01/20 18:29:41.587, 0 %, 0 %, 11431 MiB, 12288 MiB, 41, 29.80 W
2026/01/20 18:29:42.617, 0 %, 0 %, 11431 MiB, 12288 MiB, 42, 39.08 W
2026/01/20 18:29:43.647, 0 %, 0 %, 11369 MiB, 12288 MiB, 42,, 39.13 
2026/01/20 18:29:44.680, 0 %, 3 %, 11370 MiB, 12288 MiB, 40, 21.95 W
2026/01/20 18:29:45.722,, 0 %, 3 %, 11367 MiB, 12288 MiB, 40, 13.56 W22026/01/20 18:29:46.769, 1 %, 9 %, 11351 MiB, 12288 MiB, 40, 13.87 W22026/01/20 18:29:47.799, 0 %, 3 %, 11351 MiB, 12288 MiB, 40, 13.15 W22026/01/20 18:29:48.830, 2 %, 10 %, 11361 MiB, 12288 MiB, 40, 13.19 W22026/01/20 18:29:49.89, 0 %, 12 %, 11361 MiB, 12288 MiB, 40, 13.33 W
22026/01/20 18:29:50.920, 0 %, 32 %, 11358 MiB, 12288 MiB, 40, 13.06 W22026/01/20 18:29:52.268, 0 %, 3 %, 11367 MiB, 12288 MiB, 40, 13.60 W22026/01/20 18:29:53.806, 3 %, 4 %, 11366 MiB, 12288 MiB, 40, 14.25 W22026/01/20 18:29:54.837, 1 %, 38 %, 11371 MiB, 12288 MiB, 40, 13.62 W22026/01/20 18:29:55.867, 0 %, 24 %, 11371 MiB, 12288 MiB, 40, 13.10 W22026/01/20 18:29:56.924, 0 %, 22 %, 11373 MiB, 12288 MiB, 40, 13.76 W2026/01/20 18:29:57.955, 0 %, 45 %, 11373 MiB, 12288 MiB, 40, 12.82 W
2026/01/20 18:29:58.988, 2 %, 28 %, 11347 MiB, 12288 MiB, 40, 14.29 W
2026/01/20 18:30:00.020, 9 %, 13 %, 11347 MiB, 12288 MiB, 40, 14.23 W
2026/01/20 18:30:01.051, 0 %, 26 %, 11347 MiB, 12288 MiB, 40, 12.84 W
2026/01/20 18:30:02.084, 1 %, 40 %, 11335 MiB, 12288 MiB, 40, 13.08 W
2026/01/20 18:30:03.147, 0 %, 34 %, 11331 MiB, 12288 MiB, 40, 13.91 W
2026/01/20 18:30:04.180, 0 %, 35 %, 11335 MiB, 12288 MiB, 40, 12.88 W
2026/01/20 18:30:05.212, 0 %, 24 %, 11346 MiB, 12288 MiB, 40, 12.82 W
2026/01/20 18:30:06.242, 15 %, 9 %, 11342 MiB, 12288 MiB, 40, 14.08 W
2026/01/20 18:30:07.276, 16 %, 10 %, 11339 MiB, 12288 MiB, 40, 14.30 W
2026/01/20 18:30:08.328, 14 %, 9 %, 11336 MiB, 12288 MiB, 40, 14.50 W
22026/01/20 18:30:09.360, 17 %, 10 %, 11352 MiB, 12288 MiB, 40, 14.34 W22026/01/20 18:30:10.393, 0 %, 27 %, 11352 MiB, 12288 MiB, 40, 13.83 W22026/01/20 18:30:11.425, 2 %, 23 %, 11349 MiB, 12288 MiB, 40, 13.86 W22026/01/20 18:30:12.455, 0 %, 32 %, 11349 MiB, 12288 MiB, 40, 12.85 W22026/01/20 18:30:13.487, 0 %, 31 %, 11326 MiB, 12288 MiB, 40, 13.26 W22026/01/20 18:30:14.519, 11 %, 12 %, 11346 MiB, 12288 MiB, 40, 13.55 W22026/01/20 18:30:15.553, 0 %, 12 %, 11346 MiB, 12288 MiB, 40, 13.63 W22026/01/20 18:30:16.596, 0 %, 7 %, 11343 MiB, 12288 MiB, 40, 13.99 W22026/01/20 18:30:17.628, 4 %, 4 %, 11333 MiB, 12288 MiB, 40, 13.30 W22026/01/20 18:30:18.669, 0 %, 13 %, 11333 MiB, 12288 MiB, 40, 13.16 W22026/01/20 18:30:19.701, 13 %, 13 %, 11349 MiB, 12288 MiB, 40, 13.74 W22026/01/20 18:30:20.763, 2 %, 7 %, 11348 MiB, 12288 MiB, 40, 14.08 W22026/01/20 18:30:21.826, 0 %, 14 %, 11348 MiB, 12288 MiB, 40, 13.52 W2026/01/20 18:30:23.646,, 1 %, 16 %, 11348 MiB, 12288 MiB, 40, 12.80 W22026/01/20 18:30:24.679, 0 %, 14 %, 11335 MiB, 12288 MiB, 40, 12.89 W22026/01/20 18:30:25.720, 0 %, 6 %, 11351 MiB, 12288 MiB, 40, 14.51 W22026/01/20 18:30:26.752, 4 %, 13 %, 11350 MiB, 12288 MiB, 40, 14.10 W22026/01/20 18:30:27.78, 5 %, 23 %, 11340 MiB, 12288 MiB, 40, 13.24 W
2026/01/20 18:30:28.835,, 1 %, 13 %, 11340 MiB, 12288 MiB, 40, 13.52 W2026/01/20 18:30:29.865, 0 %, 6 %, 11340 MiB, 12288 MiB, 40, 12.83 W
22026/01/20 18:30:30.867, 0 %, 14 %, 11351 MiB, 12288 MiB, 40, 12.76 W2026/01/20 18:30:31.870, 1 %, 3 %, 11351 MiB, 12288 MiB, 40, 12.77 W
22026/01/20 18:30:32.897, 0 %, 12 %, 11351 MiB, 12288 MiB, 40, 12.87 W22026/01/20 18:30:33.900, 9 %, 7 %, 11333 MiB, 12288 MiB, 40, 13.28 W22026/01/20 18:30:34.902, 0 %, 11 %, 11333 MiB, 12288 MiB, 40, 12.82 W22026/01/20 18:30:35.904, 0 %, 3 %, 11349 MiB, 12288 MiB, 40, 12.88 W2026/01/20 18:30:36.907, 0 %, 5 %, 11349 MiB, 12288 MiB, 40, 12.74 W
2026/01/20 18:30:37.936, 0 %, 3 %, 11349 MiB, 12288 MiB, 40, 12.80 W
22026/01/20 18:30:38.938, 0 %, 19 %, 11349 MiB, 12288 MiB, 40, 12.65 W22026/01/20 18:30:39.940, 0 %, 11 %, 11349 MiB, 12288 MiB, 40, 12.63 W2026/01/20 18:30:40.943, 0 %, 12 %, 11349 MiB, 12288 MiB, 40, 12.72 W
22026/01/20 18:30:41.94, 0 %, 11 %, 11349 MiB, 12288 MiB, 40, 12.73 W
2026/01/20 18:30:42.977, 0 %, 3 %, 11349 MiB, 12288 MiB, 40, 12.73 W
2026/01/20 18:30:44.009, 4 %, 10 %, 11347 MiB, 12288 MiB, 40, 13.27 W
2026/01/20 18:30:45.052, 1 %, 7 %, 11358 MiB, 12288 MiB, 40, 13.02 W
2026/01/20 18:30:46.082, 0 %, 3 %, 11358 MiB, 12288 MiB, 40, 13.28 W
2026/01/20 18:30:47.112, 1 %, 10 %, 11358 MiB, 12288 MiB, 40, 13.11 W
22026/01/20 18:30:48.143, 0 %, 8 %, 11358 MiB, 12288 MiB, 40, 13.02 W22026/01/20 18:30:49.175, 0 %, 3 %, 11358 MiB, 12288 MiB, 40, 12.85 W22026/01/20 18:30:50.20, 2 %, 6 %, 11357 MiB, 12288 MiB, 40, 12.81 W
2026/01/20 18:30:51.239,, 0 %, 7 %, 11355 MiB, 12288 MiB, 4, 13.02 W
2026/01/20 18:30:52.280, 1 %, 3 %, 11354 MiB, 12288 MiB, 40, 12.94 W
2026/01/20 18:30:53.320, 1 %, 3 %, 11344 MiB, 12288 MiB, 40, 13.07 W
2026/01/20 18:30:55.178, 8 %, 11 %, 11338 MiB, 12288 MiB, 40, 13.25 W
22026/01/20 18:30:56.219, 0 %, 17 %, 11345 MiB, 12288 MiB, 40, 13.51 W22026/01/20 18:30:57.258, 0 %, 3 %, 11345 MiB, 12288 MiB, 40, 12.88 W22026/01/20 18:30:58.29, 0 %, 18 %, 11342 MiB, 12288 MiB, 40, 13.95 W
22026/01/20 18:30:59.338, 0 %, 4 %, 11341 MiB, 12288 MiB, 40, 12.81 W22026/01/20 18:31:00.379, 0 %, 10 %, 11333 MiB, 12288 MiB, 40, 13.04 W22026/01/20 18:31:01.434, 2 %, 4 %, 11345 MiB, 12288 MiB, 40, 14.21 W2026/01/20 18:31:02.474, 1 %, 13 %, 11345 MiB, 12288 MiB, 40, 13.21 W
2026/01/20 18:31:03.478, 0 %, 17 %, 11345 MiB, 12288 MiB, 40, 12.77 W
2026/01/20 18:31:04.480, 1 %, 3 %, 11337 MiB, 12288 MiB, 40, 12.93 W
2026/01/20 18:31:05.483, 1 %, 9 %, 11334 MiB, 12288 MiB, 40, 13.00 W
2026/01/20 18:31:06.485, 0 %, 8 %, 11345 MiB,, 12288 MiB, 40, 12.90 W22026/01/20 18:31:07.489, 0 %, 3 %, 11345 MiB, 12288 MiB, 40, 12.73 W22026/01/20 18:31:08.529, 0 %, 13 %, 11337 MiB, 12288 MiB, 40, 12.96 W22026/01/20 18:31:09.559, 1 %, 21 %, 11335 MiB, 12288 MiB, 40, 12.98 W22026/01/20 18:31:10.591, 0 %, 3 %, 11335 MiB, 12288 MiB, 40, 12.76 W22026/01/20 18:31:11.621, 2 %, 13 %, 11329 MiB, 12288 MiB, 40, 13.04 W22026/01/20 18:31:12.653, 0 %, 11 %, 11325 MiB, 12288 MiB, 40, 13.05 W22026/01/20 18:31:13.683, 1 %, 19 %, 11325 MiB, 12288 MiB, 40, 12.95 W22026/01/20 18:31:14.714, 0 %, 9 %, 11325 MiB, 12288 MiB, 40, 12.78 W22026/01/20 18:31:15.744, 0 %, 6 %, 11325 MiB, 12288 MiB, 40, 12.91 W22026/01/20 18:31:16.774, 0 %, 8 %, 11326 MiB, 12288 MiB, 40, 13.22 W2026/01/20 18:31:17.805, 0 %, 8 %, 11326 MiB, 12288 MiB, 40, 12.91 W
22026/01/20 18:31:18.837, 0 %, 15 %, 11326 MiB, 12288 MiB, 40, 12.86 W2026/01/20 18:31:19.867, 0 %, 12 %, 11326 MiB, 12288 MiB, 40, 12.98 W
22026/01/20 18:31:20.897, 0 %, 14 %, 11326 MiB, 12288 MiB, 40, 13.20 W2026/01/20 18:31:21.929, 0 %, 3 %, 11325 MiB, 12288 MiB, 40, 13.01 W
2026/01/20 18:31:22.961, 0 %, 22 %, 11325 MiB, 12288 MiB, 40, 12.89 W
2026/01/20 18:31:23.992, 0 %, 5 %, 11325 MiB, 12288 MiB, 40, 12.93 W
2026/01/20 18:31:25.818,, 1 %, 3 %, 11325 MiB, 12288 MiB, 40, 12.90 W2026/01/20 18:31:26.848, 2 %, 5 %, 11325 MiB, 12288 MiB, 40, 12.96 W
22026/01/20 18:31:27.879, 0 %, 4 %, 11325 MiB, 12288 MiB, 40, 12.91 W2026/01/20 18:31:28.909, 0 %, 19 %, 11325 MiB, 12288 MiB, 40, 12.91 W
2026/01/20 18:31:29.941, 2 %, 19 %, 11325 MiB, 12288 MiB, 40, 12.99 W
22026/01/20 18:31:30.982, 0 %, 3 %, 11310 MiB, 12288 MiB, 40, 13.61 W2026/01/20 18:31:32.014, 1 %, 5 %, 11326 MiB, 12288 MiB, 40, 13.06 W
2026/01/20 18:31:33.049, 10 %, 11 %, 11327 MiB, 12288 MiB, 40, 13.35 W
22026/01/20 18:31:34.082, 1 %, 9 %, 11332 MiB, 12288 MiB, 40, 12.86 W2026/01/20 18:31:35.113, 1 %, 13 %, 11332 MiB, 12288 MiB, 40, 13.39 W
2026/01/20 18:31:36.150, 2 %, 5 %, 11321 MiB, 12288 MiB, 40, 13.71 W
22026/01/20 18:31:37.18, 1 %, 9 %, 11332 MiB, 12288 MiB, 40, 12.81 W
2026/01/20 18:31:38.229, 0 %, 10 %, 11332 MiB, 12288 MiB, 40, 12.95 W
2026/01/20 18:31:39.265, 0 %, 10 %, 11330 MiB, 12288 MiB, 40, 12.99 W
22026/01/20 18:31:40.308, 0 %, 21 %, 11324 MiB, 12288 MiB, 40, 13.04 W2026/01/20 18:31:41.349, 1 %, 7 %, 11330 MiB, 12288 MiB, 40, 12.99 W
2026/01/20 18:31:42.392, 2 %, 4 %, 11330 MiB, 12288 MiB, 40, 13.05 W
2026/01/20 18:31:43.440, 0 %, 9 %, 11330 MiB, 12288 MiB, 40, 12.97 W
2026/01/20 18:31:44.470, 0 %, 11 %, 11330 MiB, 12288 MiB, 40, 12.89 W
2026/01/20 18:31:45.500, 2 %, 4 %, 11319 MiB, 12288 MiB, 40, 13.12 W
2026/01/20 18:31:46.532, 1 %, 11 %, 11319 MiB, 12288 MiB, 40, 12.97 W
22026/01/20 18:31:47.562, 1 %, 7 %, 11330 MiB, 12288 MiB, 40, 13.20 W2026/01/20 18:31:48.594, 0 %, 3 %, 11330 MiB, 12288 MiB, 40, 13.05 W
22026/01/20 18:31:49.625, 11 %, 9 %, 11393 MiB, 12288 MiB, 40, 13.75 W2026/01/20 18:31:50.673, 1 %, 3 %, 11402 MiB, 12288 MiB, 40, 13.55 W
2026/01/20 18:31:51.703, 0 %, 9 %, 11400 MiB, 12288 MiB, 40, 12.84 W
2026/01/20 18:31:52.734, 0 %,, 3 ,, 11335 Mi,, 12288 Mi,, 4,, 12.97 
2026/01/20 18:31:53.773, 0 %, 4 %, 11335 MiB, 12288 MiB, 40, 13.03 W
2026/01/20 18:31:54.805, 1 %, 10 %, 11332 MiB, 12288 MiB, 40, 12.74 W
22026/01/20 18:31:56.640, 1 %, 3 %, 11314 MiB, 12288 MiB, 40, 13.03 W2026/01/20 18:31:57.671, 1 %, 3 %, 11324 MiB, 12288 MiB, 40, 13.00 W
22026/01/20 18:31:58.705, 0 %, 11 %, 11324 MiB, 12288 MiB, 40, 12.93 W2026/01/20 18:31:59.735, 0 %, 3 %, 11324 MiB, 12288 MiB, 40, 13.10 W
22026/01/20 18:32:00.765, 0 %, 6 %, 11324 MiB, 12288 MiB, 40, 12.96 W2026/01/20 18:32:01.795, 0 %, 12 %, 11314 MiB, 12288 MiB, 40, 13.00 W
2026/01/20 18:32:02.827, 2 %, 5 %, 11316 MiB, 12288 MiB, 40, 12.90 W
2026/01/20 18:32:03.857, 0 %, 19 %, 11316 MiB, 12288 MiB, 40, 13.54 W
22026/01/20 18:32:04.887, 0 %, 20 %, 11316 MiB, 12288 MiB, 40, 13.05 W22026/01/20 18:32:05.919, 1 %, 11 %, 11306 MiB, 12288 MiB, 40, 12.93 W22026/01/20 18:32:06.964, 3 %, 4 %, 11306 MiB, 12288 MiB, 40, 13.39 W22026/01/20 18:32:07.994, 2 %, 7 %, 11323 MiB, 12288 MiB, 40, 13.13 W2026/01/20 18:32:09.025, 1 %, 13 %, 11341 MiB, 12288 MiB, 40, 14.38 W
2026/01/20 18:32:10.057, 0 %, 29 %, 11341 MiB, 12288 MiB, 40, 13.01 W
2026/01/20 18:32:11.088, 0 %, 3 %, 11340 MiB, 12288 MiB, 40, 12.94 W
2026/01/20 18:32:12.132, 0 %, 8 %, 11329 MiB, 12288 MiB, 40, 13.07 W
2026/01/20 18:32:13.163, 4 %, 4 %, 11340 MiB, 12288 MiB, 40, 13.10 W
2026/01/20 18:32:14.165,, 1 %, 22 %, 11337 MiB, 12288 MiB, 40, 12.90 W22026/01/20 18:32:15.168, 2 %, 5 %, 11317 MiB, 12288 MiB, 40, 13.27 W2026/01/20 18:32:16.170, 1 %, 12 %, 11314 MiB, 12288 MiB, 40, 12.94 W
22026/01/20 18:32:17.172, 1 %, 4 %, 11306 MiB, 12288 MiB, 40, 13.00 W22026/01/20 18:32:18.201, 15 %, 8 %, 11318 MiB, 12288 MiB, 40, 13.60 W22026/01/20 18:32:19.205, 0 %, 7 %, 11318 MiB, 12288 MiB, 40, 13.06 W22026/01/20 18:32:20.207, 0 %, 6 %, 11318 MiB, 12288 MiB, 40, 12.98 W22026/01/20 18:32:21.209, 1 %, 3 %, 11307 MiB, 12288 MiB, 40, 13.01 W22026/01/20 18:32:22.212, 6 %, 5 %, 11316 MiB, 12288 MiB, 40, 13.93 W22026/01/20 18:32:23.214, 4 %, 4 %, 11327 MiB, 12288 MiB, 40, 13.74 W22026/01/20 18:32:24.246, 9 %, 7 %, 11329 MiB, 12288 MiB, 40, 13.91 W22026/01/20 18:32:25.292, 25 %, 14 %, 11352 MiB, 12288 MiB, 40, 14.87 W22026/01/20 18:32:27.125, 12 %, 7 %, 11343 MiB, 12288 MiB, 40, 14.59 W22026/01/20 18:32:28.168, 0 %, 13 %, 11397 MiB, 12288 MiB, 40, 14.60 W22026/01/20 18:32:29.199, 5 %, 5 %, 11368 MiB, 12288 MiB, 40, 14.15 W22026/01/20 18:32:30.230, 98 %, 38 %, 11367 MiB, 12288 MiB, 48, 72.51 W22026/01/20 18:32:31.280, 79 %, 64 %, 11367 MiB, 12288 MiB, 49, 119.78 W22026/01/20 18:32:32.326, 79 %, 65 %, 11351 MiB, 12288 MiB, 49, 122.01 W22026/01/20 18:32:33.356, 79 %, 63 %, 11358 MiB, 12288 MiB, 50, 121.29 W22026/01/20 18:32:34.387, 99 %, 39 %, 11345 MiB, 12288 MiB, 51, 128.09 W22026/01/20 18:32:35.432, 80 %, 65 %, 11351 MiB, 12288 MiB, 51, 119.73 W22026/01/20 18:32:36.434, 77 %, 64 %, 11344 MiB, 12288 MiB, 51, 120.84 W22026/01/20 18:32:37.435, 82 %, 64 %, 11327 MiB, 12288 MiB, 52, 122.21 W2026/01/20 18:32:38.439, 80 %, 59 %, 11318 MiB, 12288 MiB, 53, 123.49 W
22026/01/20 18:32:39.441, 77 %, 60 %, 11321 MiB, 12288 MiB, 52, 125.20 W22026/01/20 18:32:40.44, 79 %, 66 %, 11310 MiB, 12288 MiB, 53, 122.69 W
2026/01/20 18:32:41.454, 81 %, 65 %, 11309 MiB, 12288 MiB, 53, 123.91 W
2026/01/20 18:32:42.456,, 78 %, 63 %, 11308 MiB, 12288 MiB, 53, 124.34 W22026/01/20 18:32:43.458, 78 %, 63 %, 11305 MiB, 12288 MiB, 54, 129.78 W22026/01/20 18:32:44.461, 78 %, 65 %, 11364 MiB, 12288 MiB, 54, 123.87 W22026/01/20 18:32:45.49,, 79 %, 67 %, 11292 MiB, 12288 MiB, 54, 115.54 
2026/01/20 18:32:46.491, 80 %, 65 %, 11326 MiB, 12288 MiB, 55, 122.95 W
2026/01/20 18:32:47.493, 79 %, 59 %, 11326 MiB, 12288 MiB, 55, 130.72 W
2026/01/20 18:32:48.496, 79 %, 65 %, 11332 MiB, 12288 MiB, 56, 123.61 W
22026/01/20 18:32:49.49, 74 %, 63 %, 11333 MiB, 12288 MiB, 56, 123.39 W
2026/01/20 18:32:50.500,, 77 %, 62 %, 11335 MiB, 12288 MiB, 56, 124.04 W22026/01/20 18:32:51.530, 93 %, 42 %, 11335 MiB, 12288 MiB, 57, 132.05 W22026/01/20 18:32:52.531, 79 %, 64 %, 11335 MiB, 12288 MiB, 57, 123.28 W22026/01/20 18:32:53.533, 79 %, 67 %, 11329 MiB, 12288 MiB, 57, 125.42 W22026/01/20 18:32:54.535, 81 %, 65 %, 11329 MiB, 12288 MiB, 58, 126.86 W22026/01/20 18:32:55.539, 99 %, 39 %, 11329 MiB, 12288 MiB, 59, 133.76 W22026/01/20 18:32:56.568, 80 %, 66 %, 11324 MiB, 12288 MiB, 59, 127.13 W22026/01/20 18:32:58.417, 79 %, 67 %, 11313 MiB, 12288 MiB, 59, 125.46 W22026/01/20 18:32:59.419, 81 %, 65 %, 11305 MiB, 12288 MiB, 59, 126.85 W22026/01/20 18:33:00.420, 91 %, 49 %, 11312 MiB, 12288 MiB, 60, 129.86 W22026/01/20 18:33:01.423, 79 %, 64 %, 11311 MiB, 12288 MiB, 60, 131.39 W22026/01/20 18:33:02.426, 80 %, 67 %, 11311 MiB, 12288 MiB, 60, 126.95 W22026/01/20 18:33:03.45, 44 %, 35 %, 11311 MiB, 12288 MiB, 58, 122.47 W
2026/01/20 18:33:04.464, 81 %, 66 %, 11311 MiB, 12288 MiB, 61, 117.92 W
2026/01/20 18:33:05.466, 80 %, 65 %, 11311 MiB, 12288 MiB, 61, 133.94 W
2026/01/20 18:33:06.467, 79 %, 66 %, 11311 MiB, 12288 MiB, 62, 128.61 W
22026/01/20 18:33:07.470, 80 %, 69 %, 11311 MiB, 12288 MiB, 62, 129.41 W2026/01/20 18:33:08.472, 80 %, 65 %, 11311 MiB, 12288 MiB, 62, 129.00 W
2026/01/20 18:33:09.476, 80 %, 64 %, 11311 MiB, 12288 MiB, 63, 135.45 W
2026/01/20 18:33:10.478, 81 %, 68 %, 11311 MiB, 12288 MiB, 63, 130.50 W
2026/01/20 18:33:11.510, 80 %, 69 %, 11311 MiB, 12288 MiB, 63, 130.52 W
2026/01/20 18:33:12.513, 80 %, 65 %, 11311 MiB, 12288 MiB, 63, 128.62 W
2026/01/20 18:33:13.522,, 80 %, 58 %, 11300 MiB, 12288 MiB, 62, 136.00 W22026/01/20 18:33:14.524, 81 %, 67 %, 11312 MiB, 12288 MiB, 63, 128.43 W22026/01/20 18:33:15.52, 80 %, 68 %, 11312 MiB, 12288 MiB, 63, 130.17 W
2026/01/20 18:33:16.540, 81 %, 66 %, 11312 MiB, 12288 MiB, 62, 129.45 W
2026/01/20 18:33:17.542,, 88 %, 50 %, 11312 MiB, 12288 MiB, 62, 136.31 W2026/01/20 18:33:18.544, 78 %, 65 %, 11312 MiB, 12288 MiB, 62, 128.00 W
2026/01/20 18:33:19.558, 78 %, 67 %, 11312 MiB, 12288 MiB, 62, 130.02 W
2026/01/20 18:33:20.560, 81 %, 66 %, 11312 MiB, 12288 MiB, 62, 129.81 W
2026/01/20 18:33:21.562, 80 %, 66 %, 11311 MiB, 12288 MiB, 62, 131.96 W
2026/01/20 18:33:22.576, 85 %, 71 %, 11311 MiB, 12288 MiB, 62, 121.11 W
2026/01/20 18:33:23.578, 77 %, 66 %, 11311 MiB, 12288 MiB, 61, 127.08 W
2026/01/20 18:33:24.580, 65 %, 54 %, 11311 MiB, 12288 MiB, 61, 121.59 W
2026/01/20 18:33:25.595, 0 %, 0 %, 11311 MiB, 12288 MiB, 57, 57.82 W
2026/01/20 18:33:26.597, 0 %, 0 %, 11311 MiB, 12288 MiB, 55, 44.45 W
2026/01/20 18:33:27.907, 1 %, 0 %, 11311 MiB, 12288 MiB, 54, 27.89 W
2026/01/20 18:33:29.395, 0 %, 0 %, 11310 MiB, 12288 MiB, 54, 27.20 W
2026/01/20 18:33:30.399, 2 %, 0 %, 11310 MiB, 12288 MiB, 53, 27.21 W
2026/01/20 18:33:31.401, 1 %, 2 %, 11306 MiB, 12288 MiB, 52, 18.16 W
2026/01/20 18:33:32.404, 2 %, 2 %, 11306 MiB, 12288 MiB, 52, 15.87 W
2026/01/20 18:33:33.406, 0 %, 4 %, 11298 MiB, 12288 MiB, 51, 14.82 W
2026/01/20 18:33:34.438, 1 %, 4 %, 11303 MiB, 12288 MiB, 51, 14.49 W
2026/01/20 18:33:35.469, 2 %, 7 %, 11311 MiB, 12288 MiB, 50, 14.28 W
2026/01/20 18:33:36.499, 0 %, 11 %, 11311 MiB, 12288 MiB, 50, 14.12 W
2026/01/20 18:33:37.530, 1 %, 8 %, 11314 MiB, 12288 MiB, 49, 14.02 W
2026/01/20 18:33:38.562, 1 %, 5 %, 11311 MiB, 12288 MiB, 49, 14.27 W
2026/01/20 18:33:39.594, 0 %, 15 %, 11311 MiB, 12288 MiB, 48, 14.11 W
2026/01/20 18:33:40.626, 1 %, 9 %, 11310 MiB, 12288 MiB, 48, 14.10 W
2026/01/20 18:33:41.657, 2 %, 8 %, 11311 MiB, 12288 MiB, 48, 13.95 W
2026/01/20 18:33:42.688, 0 %, 8 %, 11310 MiB, 12288 MiB, 47, 13.81 W
2026/01/20 18:33:43.721, 0 %, 3 %, 11300 MiB, 12288 MiB, 47, 13.66 W
2026/01/20 18:33:44.753, 1 %, 4 %, 11299 MiB, 12288 MiB, 46, 13.75 W
2026/01/20 18:33:45.784, 5 %, 4 %, 11305 MiB, 12288 MiB, 46, 14.33 W
2026/01/20 18:33:46.814, 1 %, 11 %, 11305 MiB, 12288 MiB, 46, 13.95 W
2026/01/20 18:33:47.848, 1 %, 4 %, 11313 MiB, 12288 MiB, 45, 13.75 W
22026/01/20 18:33:48.880, 0 %, 16 %, 11311 MiB, 12288 MiB, 45, 13.64 W22026/01/20 18:33:49.912, 1 %, 5 %, 11310 MiB, 12288 MiB, 45, 13.70 W2026/01/20 18:33:50.952, 2 %, 12 %, 11311 MiB, 12288 MiB, 44, 13.95 W
22026/01/20 18:33:51.982, 1 %, 15 %, 11311 MiB, 12288 MiB, 44, 13.77 W22026/01/20 18:33:53.012, 0 %, 3 %, 11311 MiB, 12288 MiB, 43, 13.69 W22026/01/20 18:33:54.04, 2 %, 27 %, 11310 MiB, 12288 MiB, 43, 13.72 W
2026/01/20 18:33:55.087, 1 %, 4 %, 11299 MiB, 12288 MiB, 43, 13.70 W
22026/01/20 18:33:56.118, 2 %, 9 %, 11306 MiB, 12288 MiB, 43, 13.77 W22026/01/20 18:33:57.152, 1 %, 13 %, 11306 MiB, 12288 MiB, 42, 13.49 W22026/01/20 18:33:58.183, 5 %, 4 %, 11308 MiB, 12288 MiB, 42, 13.52 W2026/01/20 18:34:00.035, 0 %, 14 %, 11389 MiB, 12288 MiB, 42, 14.95 W
2026/01/20 18:34:01.068, 0 %, 11 %, 11388 MiB, 12288 MiB, 41, 13.48 W
2026/01/20 18:34:02.099, 1 %, 29 %, 11321 MiB, 12288 MiB, 41, 13.65 W
2026/01/20 18:34:03.137, 0 %, 17 %, 11321 MiB, 12288 MiB, 41, 13.56 W
2026/01/20 18:34:04.169, 0 %, 12 %, 11310 MiB, 12288 MiB, 41, 13.79 W
2026/01/20 18:34:05.198, 2 %, 7 %, 11302 MiB, 12288 MiB, 40, 13.50 W
2026/01/20 18:34:06.239, 1 %, 3 %, 11301 MiB, 12288 MiB, 40, 13.36 W
2026/01/20 18:34:07.276, 1 %, 6 %, 11301 MiB, 12288 MiB, 40, 13.40 W
2026/01/20 18:34:08.323, 1 %, 16 %, 11298 MiB, 12288 MiB, 40, 12.87 W
2026/01/20 18:34:09.354, 1 %, 10 %, 11290 MiB, 12288 MiB, 39, 12.86 W
2026/01/20 18:34:10.395, 0 %, 12 %, 11290 MiB, 12288 MiB, 40, 12.86 W
2026/01/20 18:34:11.437, 4 %, 6 %, 11301 MiB, 12288 MiB, 39, 13.03 W
22026/01/20 18:34:12.481, 12 %, 7 %, 11366 MiB, 12288 MiB, 40, 14.21 W22026/01/20 18:34:13.541, 8 %, 5 %, 11349 MiB, 12288 MiB, 40, 14.74 W22026/01/20 18:34:14.581, 1 %, 7 %, 11373 MiB, 12288 MiB, 40, 14.54 W22026/01/20 18:34:15.617, 14 %, 9 %, 11399 MiB, 12288 MiB, 40, 14.95 W22026/01/20 18:34:16.677, 1 %, 14 %, 11400 MiB, 12288 MiB, 40, 14.30 W22026/01/20 18:34:17.708, 1 %, 20 %, 11399 MiB, 12288 MiB, 40, 13.11 W22026/01/20 18:34:18.740, 1 %, 9 %, 11398 MiB, 12288 MiB, 40, 12.88 W22026/01/20 18:34:19.771, 1 %, 15 %, 11340 MiB, 12288 MiB, 40, 12.78 W22026/01/20 18:34:20.819, 20 %, 15 %, 11370 MiB, 12288 MiB, 40, 13.84 W22026/01/20 18:34:21.853, 5 %, 4 %, 11366 MiB, 12288 MiB, 40, 13.44 W22026/01/20 18:34:22.903, 0 %, 14 %, 11367 MiB, 12288 MiB, 40, 14.02 W22026/01/20 18:34:23.942, 0 %, 6 %, 11366 MiB, 12288 MiB, 40, 13.48 W22026/01/20 18:34:24.992, 0 %, 29 %, 11372 MiB, 12288 MiB, 40, 13.30 W22026/01/20 18:34:25.994, 1 %, 17 %, 11322 MiB, 12288 MiB, 40, 13.18 W22026/01/20 18:34:26.997, 0 %, 22 %, 11370 MiB, 12288 MiB, 40, 13.25 W22026/01/20 18:34:27.999, 0 %, 13 %, 11370 MiB, 12288 MiB, 40, 12.81 W22026/01/20 18:34:29.002, 0 %, 41 %, 11370 MiB, 12288 MiB, 40, 12.99 W22026/01/20 18:34:30.809, 0 %, 26 %, 11367 MiB, 12288 MiB, 40, 12.80 W22026/01/20 18:34:31.812, 0 %, 16 %, 11367 MiB, 12288 MiB, 40, 12.69 W22026/01/20 18:34:32.814, 2 %, 14 %, 11368 MiB, 12288 MiB, 40, 13.39 W22026/01/20 18:34:33.817, 3 %, 9 %, 11364 MiB, 12288 MiB, 40, 13.82 W
2026/01/20 18:34:34.857, 3 %, 12 %, 11365 MiB, 12288 MiB, 40, 13.95 W
2026/01/20 18:34:35.859, 0 %, 35 %, 11362 MiB, 12288 MiB, 40, 13.02 W
2026/01/20 18:34:36.862, 0 %, 41 %, 11358 MiB, 12288 MiB, 40, 12.99 W
2026/01/20 18:34:37.867, 0 %, 34 %, 11353 MiB, 12288 MiB, 40, 13.99 W
2026/01/20 18:34:38.869, 1 %, 41 %, 11339 MiB, 12288 MiB, 40, 12.99 W
2026/01/20 18:34:39.872, 0 %, 53 %, 11339 MiB, 12288 MiB, 40, 14.18 W
2026/01/20 18:34:40.874, 0 %, 30 %, 11339 MiB, 12288 MiB, 40, 12.77 W
2026/01/20 18:34:41.902, 3 %, 6 %, 11289 MiB, 12288 MiB, 40, 13.12 W
2026/01/20 18:34:42.904, 0 %, 33 %, 11353 MiB, 12288 MiB, 40, 13.06 W
2026/01/20 18:34:43.906, 1 %, 25 %, 11353 MiB, 12288 MiB, 40, 13.00 W
2026/01/20 18:34:44.908, 0 %, 47 %, 11352 MiB, 12288 MiB, 40, 12.98 W
2026/01/20 18:34:45.911, 0 %, 28 %, 11339 MiB, 12288 MiB, 40, 12.75 W
2026/01/20 18:34:46.938, 0 %, 30 %, 11291 MiB, 12288 MiB, 40, 12.88 W
2026/01/20 18:34:47.941, 0 %, 24 %, 11351 MiB, 12288 MiB, 40, 12.82 W
2026/01/20 18:34:48.943, 0 %, 30 %, 11351 MiB, 12288 MiB, 40, 12.71 W
2026/01/20 18:34:49.946, 0 %, 38 %, 11366 MiB, 12288 MiB, 40, 12.81 W
2026/01/20 18:34:50.972, 4 %, 21 %, 11361 MiB, 12288 MiB, 40, 13.26 W
2026/01/20 18:34:51.975, 0 %, 32 %, 11353 MiB, 12288 MiB, 40, 12.99 W
2026/01/20 18:34:52.977, 1 %, 23 %, 11367 MiB, 12288 MiB, 40, 13.24 W
2026/01/20 18:34:53.981, 0 %, 3 %, 11364 MiB, 12288 MiB, 40, 12.99 W
2026/01/20 18:34:54.983, 2 %, 7 %, 11355 MiB, 12288 MiB, 40, 12.97 W
2026/01/20 18:34:56.010, 2 %, 5 %, 11293 MiB, 12288 MiB, 40, 13.13 W
2026/01/20 18:34:57.012, 1 %, 12 %, 11293 MiB, 12288 MiB, 40, 13.07 W
2026/01/20 18:34:58.015, 9 %, 7 %, 11356 MiB, 12288 MiB, 40, 13.29 W
2026/01/20 18:34:59.017, 1 %, 11 %, 11369 MiB, 12288 MiB, 40, 14.02 W
2026/01/20 18:35:00.421, 2 %, 4 %, 11347 MiB, 12288 MiB, 40, 13.26 W
2026/01/20 18:35:01.911, 4 %, 13 %, 11298 MiB, 12288 MiB, 40, 13.45 W
2026/01/20 18:35:02.913, 2 %, 10 %, 11298 MiB, 12288 MiB, 40, 12.93 W
2026/01/20 18:35:03.915, 4 %, 9 %, 11301 MiB, 12288 MiB, 40, 13.27 W
2026/01/20 18:35:04.943, 2 %, 8 %, 11296 MiB, 12288 MiB, 40, 13.42 W
2026/01/20 18:35:05.945, 2 %, 4 %, 11288 MiB, 12288 MiB, 40, 13.28 W
2026/01/20 18:35:06.948, 2 %, 4 %, 11286 MiB, 12288 MiB, 40, 13.06 W
2026/01/20 18:35:07.983, 0 %, 7 %, 11283 MiB, 12288 MiB, 40, 13.03 W
2026/01/20 18:35:08.985, 10 %, 13 %, 11311 MiB, 12288 MiB, 40, 14.38 W
2026/01/20 18:35:09.987, 9 %, 8 %, 11325 MiB, 12288 MiB, 40, 13.98 W
2026/01/20 18:35:10.990, 0 %, 17 %, 11325 MiB, 12288 MiB, 40, 12.89 W
2026/01/20 18:35:12.016, 0 %, 18 %, 11323 MiB, 12288 MiB, 40, 13.04 W
2026/01/20 18:35:13.019, 0 %, 11 %, 11312 MiB, 12288 MiB, 40, 12.85 W
2026/01/20 18:35:14.022, 0 %, 9 %, 11321 MiB, 12288 MiB, 40, 13.11 W
2026/01/20 18:35:15.051, 0 %, 10 %, 11305 MiB, 12288 MiB, 40, 13.13 W
2026/01/20 18:35:16.054, 1 %, 12 %, 11300 MiB, 12288 MiB, 40, 13.11 W
2026/01/20 18:35:17.056, 8 %, 6 %, 11291 MiB, 12288 MiB, 40, 13.40 W
2026/01/20 18:35:18.059, 15 %, 11 %, 11313 MiB, 12288 MiB, 40, 13.53 W
2026/01/20 18:35:19.091, 5 %, 6 %, 11317 MiB, 12288 MiB, 40, 14.25 W
2026/01/20 18:35:20.122, 4 %, 5 %, 11315 MiB, 12288 MiB, 40, 13.56 W
2026/01/20 18:35:21.153, 1 %, 7 %, 11313 MiB, 12288 MiB, 40, 13.61 W
2026/01/20 18:35:22.184, 15 %, 10 %, 11314 MiB, 12288 MiB, 40, 13.95 W
2026/01/20 18:35:23.238, 3 %, 6 %, 11314 MiB, 12288 MiB, 40, 13.97 W
2026/01/20 18:35:24.269, 0 %, 3 %, 11313 MiB, 12288 MiB, 40, 12.96 W
2026/01/20 18:35:25.301, 1 %, 4 %, 11311 MiB, 12288 MiB, 40, 13.20 W
2026/01/20 18:35:26.330, 1 %, 3 %, 11298 MiB, 12288 MiB, 40, 13.45 W
2026/01/20 18:35:27.361, 1 %, 3 %, 11298 MiB, 12288 MiB, 40, 13.42 W
2026/01/20 18:35:28.403, 4 %, 4 %, 11298 MiB, 12288 MiB, 40, 13.27 W
2026/01/20 18:35:29.439, 13 %, 7 %, 11303 MiB, 12288 MiB, 40, 13.62 W
2026/01/20 18:35:30.472, 0 %, 13 %, 11304 MiB, 12288 MiB, 40, 13.05 W
2026/01/20 18:35:32.307, 1 %, 13 %, 11313 MiB, 12288 MiB, 40, 13.35 W
2026/01/20 18:35:33.339, 3 %, 5 %, 11314 MiB, 12288 MiB, 40, 13.55 W
2026/01/20 18:35:34.380, 1 %, 3 %, 11310 MiB, 12288 MiB, 40, 13.82 W
2026/01/20 18:35:35.411, 0 %, 3 %, 11301 MiB, 12288 MiB, 40, 13.03 W
2026/01/20 18:35:36.451, 0 %, 24 %, 11300 MiB, 12288 MiB, 40, 13.10 W
2026/01/20 18:35:37.482, 0 %, 12 %, 11291 MiB, 12288 MiB, 40, 13.20 W
2026/01/20 18:35:38.515, 18 %, 11 %, 11312 MiB, 12288 MiB, 40, 13.44 W
2026/01/20 18:35:39.555, 0 %, 5 %, 11313 MiB, 12288 MiB, 40, 14.08 W
2026/01/20 18:35:40.587, 0 %, 15 %, 11313 MiB, 12288 MiB, 40, 13.23 W
2026/01/20 18:35:41.626, 2 %, 11 %, 11318 MiB, 12288 MiB, 40, 13.69 W
2026/01/20 18:35:42.670, 0 %, 20 %, 11319 MiB, 12288 MiB, 40, 13.30 W
2026/01/20 18:35:43.707, 0 %, 5 %, 11308 MiB, 12288 MiB, 40, 13.29 W
2026/01/20 18:35:44.765, 0 %, 7 %, 11297 MiB, 12288 MiB, 40, 13.59 W
2026/01/20 18:35:45.804, 0 %, 4 %, 11297 MiB, 12288 MiB, 40, 13.15 W
2026/01/20 18:35:46.845, 0 %, 22 %, 11296 MiB, 12288 MiB, 40, 13.29 W
2026/01/20 18:35:47.877, 0 %, 13 %, 11307 MiB, 12288 MiB, 40, 13.39 W
2026/01/20 18:35:48.908, 7 %, 7 %, 11308 MiB, 12288 MiB, 40, 13.92 W
2026/01/20 18:35:49.949, 0 %, 18 %, 11305 MiB, 12288 MiB, 40, 13.70 W
2026/01/20 18:35:50.980, 1 %, 26 %, 11297 MiB, 12288 MiB, 40, 13.32 W
2026/01/20 18:35:52.010, 2 %, 5 %, 11313 MiB, 12288 MiB, 40, 13.93 W
2026/01/20 18:35:53.043, 0 %, 14 %, 11316 MiB, 12288 MiB, 40, 12.96 W
2026/01/20 18:35:54.073, 7 %, 4 %, 11310 MiB, 12288 MiB, 40, 13.78 W
2026/01/20 18:35:55.105, 4 %, 14 %, 11291 MiB, 12288 MiB, 40, 13.46 W
2026/01/20 18:35:56.138, 0 %, 25 %, 11291 MiB, 12288 MiB, 40, 13.25 W
2026/01/20 18:35:57.167, 0 %, 3 %, 11311 MiB, 12288 MiB, 40, 13.86 W
2026/01/20 18:35:58.200, 0 %, 22 %, 11315 MiB, 12288 MiB, 40, 13.25 W
2026/01/20 18:35:59.235, 0 %, 15 %, 11299 MiB, 12288 MiB, 40, 14.01 W
2026/01/20 18:36:00.276, 0 %, 3 %, 11299 MiB, 12288 MiB, 40, 13.39 W
2026/01/20 18:36:01.308, 0 %, 17 %, 11299 MiB, 12288 MiB, 40, 13.22 W
2026/01/20 18:36:03.150, 0 %, 27 %, 11294 MiB, 12288 MiB, 40, 13.19 W
2026/01/20 18:36:04.182, 0 %, 43 %, 11290 MiB, 12288 MiB, 40, 13.20 W
2026/01/20 18:36:05.215, 0 %, 35 %, 11288 MiB, 12288 MiB, 40, 13.76 W
2026/01/20 18:36:06.245, 0 %, 22 %, 11288 MiB, 12288 MiB, 40, 13.16 W
2026/01/20 18:36:07.278, 0 %, 35 %, 11288 MiB, 12288 MiB, 40, 13.28 W
2026/01/20 18:36:08.309, 16 %, 15 %, 11299 MiB, 12288 MiB, 40, 13.98 W
2026/01/20 18:36:09.341, 0 %, 44 %, 11299 MiB, 12288 MiB, 40, 13.61 W
2026/01/20 18:36:10.370, 10 %, 8 %, 11302 MiB, 12288 MiB, 40, 14.86 W
2026/01/20 18:36:11.412, 27 %, 33 %, 11309 MiB, 12288 MiB, 40, 14.55 W
2026/01/20 18:36:12.443, 6 %, 5 %, 11323 MiB, 12288 MiB, 40, 14.86 W
2026/01/20 18:36:13.484, 3 %, 4 %, 11326 MiB, 12288 MiB, 40, 14.72 W
2026/01/20 18:36:14.515, 3 %, 4 %, 11318 MiB, 12288 MiB, 40, 14.54 W
2026/01/20 18:36:15.565, 24 %, 10 %, 11334 MiB, 12288 MiB, 40, 15.63 W
2026/01/20 18:36:16.627, 6 %, 6 %, 11327 MiB, 12288 MiB, 40, 14.14 W
2026/01/20 18:36:17.657, 1 %, 17 %, 11327 MiB, 12288 MiB, 40, 13.25 W
2026/01/20 18:36:18.688, 1 %, 16 %, 11315 MiB, 12288 MiB, 40, 13.57 W
2026/01/20 18:36:19.726, 3 %, 11 %, 11312 MiB, 12288 MiB, 40, 13.61 W
2026/01/20 18:36:20.773, 1 %, 3 %, 11308 MiB, 12288 MiB, 40, 13.69 W
2026/01/20 18:36:21.804, 8 %, 5 %, 11299 MiB, 12288 MiB, 40, 14.71 W
2026/01/20 18:36:22.842, 0 %, 3 %, 11330 MiB, 12288 MiB, 40, 14.93 W
2026/01/20 18:36:23.844, 0 %, 16 %, 11330 MiB, 12288 MiB, 40, 13.63 W
2026/01/20 18:36:24.847, 3 %, 4 %, 11330 MiB, 12288 MiB, 40, 14.10 W
2026/01/20 18:36:25.849, 1 %, 6 %, 11333 MiB, 12288 MiB, 40, 14.32 W
2026/01/20 18:36:26.875, 4 %, 5 %, 11355 MiB, 12288 MiB, 40, 14.67 W
2026/01/20 18:36:27.877, 4 %, 5 %, 11355 MiB, 12288 MiB, 40, 14.70 W
2026/01/20 18:36:28.879, 0 %, 32 %, 11362 MiB, 12288 MiB, 40, 13.25 W
2026/01/20 18:36:29.881, 4 %, 11 %, 11361 MiB, 12288 MiB, 40, 13.58 W
2026/01/20 18:36:30.884, 11 %, 15 %, 11366 MiB, 12288 MiB, 40, 14.79 W
2026/01/20 18:36:31.918, 0 %, 32 %, 11366 MiB, 12288 MiB, 40, 13.36 W
2026/01/20 18:36:33.793, 0 %, 20 %, 11376 MiB, 12288 MiB, 40, 13.87 W
2026/01/20 18:36:34.824, 20 %, 15 %, 11370 MiB, 12288 MiB, 40, 14.57 W
2026/01/20 18:36:35.855, 13 %, 16 %, 11370 MiB, 12288 MiB, 40, 14.52 W
2026/01/20 18:36:36.908, 8 %, 14 %, 11372 MiB, 12288 MiB, 40, 14.28 W
2026/01/20 18:36:37.961, 0 %, 32 %, 11372 MiB, 12288 MiB, 40, 13.30 W
2026/01/20 18:36:38.992, 0 %, 25 %, 11372 MiB, 12288 MiB, 40, 13.11 W
2026/01/20 18:36:40.024, 4 %, 13 %, 11374 MiB, 12288 MiB, 40, 14.00 W
2026/01/20 18:36:41.077, 3 %, 20 %, 11377 MiB, 12288 MiB, 40, 14.76 W
2026/01/20 18:36:42.117, 2 %, 4 %, 11350 MiB, 12288 MiB, 40, 14.70 W
2026/01/20 18:36:43.167, 0 %, 18 %, 11351 MiB, 12288 MiB, 40, 13.51 W
2026/01/20 18:36:44.199, 1 %, 4 %, 11351 MiB, 12288 MiB, 40, 13.22 W
2026/01/20 18:36:45.228, 0 %, 26 %, 11349 MiB, 12288 MiB, 40, 13.27 W
2026/01/20 18:36:46.260, 0 %, 26 %, 11349 MiB, 12288 MiB, 40, 13.58 W
2026/01/20 18:36:47.290, 0 %, 31 %, 11349 MiB, 12288 MiB, 40, 13.03 W
2026/01/20 18:36:48.321, 0 %, 27 %, 11347 MiB, 12288 MiB, 40, 13.22 W
2026/01/20 18:36:49.353, 0 %, 18 %, 11347 MiB, 12288 MiB, 40, 13.19 W
2026/01/20 18:36:50.384, 0 %, 9 %, 11367 MiB, 12288 MiB, 40, 13.22 W
2026/01/20 18:36:51.417, 2 %, 14 %, 11366 MiB, 12288 MiB, 40, 13.70 W
2026/01/20 18:36:52.458, 0 %, 7 %, 11366 MiB, 12288 MiB, 40, 13.50 W
2026/01/20 18:36:53.489, 0 %, 23 %, 11365 MiB, 12288 MiB, 40, 13.12 W
2026/01/20 18:36:54.520, 0 %, 27 %, 11365 MiB, 12288 MiB, 40, 13.06 W
2026/01/20 18:36:55.552, 0 %, 38 %, 11357 MiB, 12288 MiB, 40, 13.18 W
2026/01/20 18:36:56.601, 0 %, 26 %, 11357 MiB, 12288 MiB, 40, 13.38 W
2026/01/20 18:36:57.634, 0 %, 15 %, 11357 MiB, 12288 MiB, 40, 13.18 W
2026/01/20 18:36:58.663, 0 %, 29 %, 11357 MiB, 12288 MiB, 40, 13.12 W
2026/01/20 18:36:59.697, 0 %, 28 %, 11357 MiB, 12288 MiB, 40, 13.08 W
2026/01/20 18:37:00.729, 3 %, 6 %, 11345 MiB, 12288 MiB, 40, 13.75 W
2026/01/20 18:37:01.763, 0 %, 13 %, 11345 MiB, 12288 MiB, 40, 13.21 W
2026/01/20 18:37:02.798, 0 %, 12 %, 11345 MiB, 12288 MiB, 40, 13.19 W
2026/01/20 18:37:04.695, 0 %, 24 %, 11345 MiB, 12288 MiB, 39, 13.18 W
2026/01/20 18:37:05.726, 0 %, 20 %, 11345 MiB, 12288 MiB, 40, 13.01 W
2026/01/20 18:37:06.756, 4 %, 6 %, 11345 MiB, 12288 MiB, 40, 13.54 W
2026/01/20 18:37:07.786, 0 %, 24 %, 11345 MiB, 12288 MiB, 40, 13.13 W
2026/01/20 18:37:08.816, 0 %, 9 %, 11344 MiB, 12288 MiB, 39, 13.51 W
2026/01/20 18:37:09.848, 1 %, 3 %, 11339 MiB, 12288 MiB, 40, 13.73 W
2026/01/20 18:37:10.896, 0 %, 18 %, 11339 MiB, 12288 MiB, 40, 13.43 W
2026/01/20 18:37:11.926, 0 %, 7 %, 11339 MiB, 12288 MiB, 40, 13.78 W
2026/01/20 18:37:12.966, 0 %, 21 %, 11339 MiB, 12288 MiB, 39, 12.99 W
2026/01/20 18:37:14.003, 1 %, 5 %, 11334 MiB, 12288 MiB, 40, 13.69 W
2026/01/20 18:37:15.048, 0 %, 11 %, 11334 MiB, 12288 MiB, 40, 13.30 W
2026/01/20 18:37:16.081, 0 %, 3 %, 11342 MiB, 12288 MiB, 39, 14.20 W
2026/01/20 18:37:17.112, 5 %, 4 %, 11349 MiB, 12288 MiB, 40, 15.45 W
2026/01/20 18:37:18.144, 0 %, 37 %, 11376 MiB, 12288 MiB, 39, 13.08 W
2026/01/20 18:37:19.174, 5 %, 18 %, 11376 MiB, 12288 MiB, 40, 13.64 W
2026/01/20 18:37:20.230, 1 %, 40 %, 11381 MiB, 12288 MiB, 40, 13.34 W
2026/01/20 18:37:21.261, 3 %, 40 %, 11378 MiB, 12288 MiB, 39, 13.42 W
2026/01/20 18:37:22.292, 1 %, 36 %, 11370 MiB, 12288 MiB, 39, 13.90 W
2026/01/20 18:37:23.334, 1 %, 26 %, 11370 MiB, 12288 MiB, 39, 13.40 W
2026/01/20 18:37:24.366, 0 %, 33 %, 11369 MiB, 12288 MiB, 40, 13.44 W
2026/01/20 18:37:25.399, 1 %, 22 %, 11369 MiB, 12288 MiB, 39, 13.41 W
2026/01/20 18:37:26.430, 0 %, 37 %, 11369 MiB, 12288 MiB, 40, 13.58 W
2026/01/20 18:37:27.476, 1 %, 31 %, 11369 MiB, 12288 MiB, 39, 13.66 W
2026/01/20 18:37:28.516, 1 %, 18 %, 11369 MiB, 12288 MiB, 39, 13.22 W
2026/01/20 18:37:29.559, 1 %, 21 %, 11369 MiB, 12288 MiB, 40, 13.41 W
2026/01/20 18:37:30.599, 1 %, 17 %, 11369 MiB, 12288 MiB, 39, 13.26 W
2026/01/20 18:37:31.629, 7 %, 14 %, 11369 MiB, 12288 MiB, 40, 13.97 W
2026/01/20 18:37:32.675, 1 %, 21 %, 11369 MiB, 12288 MiB, 39, 13.30 W
2026/01/20 18:37:33.706, 1 %, 15 %, 11369 MiB, 12288 MiB, 39, 13.24 W
2026/01/20 18:37:35.547, 1 %, 19 %, 11368 MiB, 12288 MiB, 39, 13.17 W
2026/01/20 18:37:36.577, 1 %, 20 %, 11368 MiB, 12288 MiB, 39, 13.40 W
2026/01/20 18:37:37.611, 4 %, 6 %, 11368 MiB, 12288 MiB, 39, 13.79 W
2026/01/20 18:37:38.644, 1 %, 40 %, 11368 MiB, 12288 MiB, 39, 13.40 W
2026/01/20 18:37:39.676, 1 %, 28 %, 11368 MiB, 12288 MiB, 39, 13.32 W
2026/01/20 18:37:40.706, 0 %, 28 %, 11368 MiB, 12288 MiB, 39, 13.33 W
2026/01/20 18:37:41.738, 0 %, 20 %, 11367 MiB, 12288 MiB, 39, 13.26 W
2026/01/20 18:37:42.771, 3 %, 14 %, 11368 MiB, 12288 MiB, 39, 13.86 W
2026/01/20 18:37:43.801, 0 %, 29 %, 11362 MiB, 12288 MiB, 39, 13.33 W
2026/01/20 18:37:44.833, 0 %, 28 %, 11362 MiB, 12288 MiB, 39, 13.36 W
2026/01/20 18:37:45.874, 3 %, 23 %, 11362 MiB, 12288 MiB, 39, 13.59 W
2026/01/20 18:37:46.905, 1 %, 19 %, 11362 MiB, 12288 MiB, 39, 13.42 W
2026/01/20 18:37:47.935, 3 %, 24 %, 11362 MiB, 12288 MiB, 39, 13.94 W
2026/01/20 18:37:48.967, 0 %, 29 %, 11362 MiB, 12288 MiB, 39, 13.23 W
2026/01/20 18:37:50.013, 1 %, 15 %, 11362 MiB, 12288 MiB, 39, 13.42 W
2026/01/20 18:37:51.044, 1 %, 16 %, 11362 MiB, 12288 MiB, 39, 13.24 W
2026/01/20 18:37:52.086, 1 %, 27 %, 11362 MiB, 12288 MiB, 39, 13.30 W
2026/01/20 18:37:53.116, 3 %, 17 %, 11362 MiB, 12288 MiB, 39, 13.91 W
2026/01/20 18:37:54.149, 2 %, 20 %, 11362 MiB, 12288 MiB, 39, 13.49 W
2026/01/20 18:37:55.180, 0 %, 15 %, 11361 MiB, 12288 MiB, 39, 13.36 W
2026/01/20 18:37:56.212, 1 %, 27 %, 11361 MiB, 12288 MiB, 39, 13.13 W
2026/01/20 18:37:57.251, 1 %, 33 %, 11361 MiB, 12288 MiB, 39, 13.33 W
2026/01/20 18:37:58.303, 2 %, 16 %, 11361 MiB, 12288 MiB, 39, 13.74 W
2026/01/20 18:37:59.334, 1 %, 24 %, 11361 MiB, 12288 MiB, 39, 13.27 W
2026/01/20 18:38:00.366, 0 %, 3 %, 11361 MiB, 12288 MiB, 39, 13.34 W
2026/01/20 18:38:01.397, 2 %, 10 %, 11361 MiB, 12288 MiB, 39, 13.48 W
2026/01/20 18:38:02.398, 5 %, 23 %, 11361 MiB, 12288 MiB, 39, 13.27 W
2026/01/20 18:38:03.402, 0 %, 32 %, 11361 MiB, 12288 MiB, 39, 13.52 W
2026/01/20 18:38:04.405, 0 %, 27 %, 11361 MiB, 12288 MiB, 39, 13.16 W
2026/01/20 18:38:06.252, 1 %, 38 %, 11361 MiB, 12288 MiB, 39, 13.26 W
2026/01/20 18:38:07.283, 1 %, 36 %, 11361 MiB, 12288 MiB, 39, 13.29 W
2026/01/20 18:38:08.324, 20 %, 12 %, 11392 MiB, 12288 MiB, 39, 14.65 W
2026/01/20 18:38:09.372, 1 %, 36 %, 11392 MiB, 12288 MiB, 39, 13.59 W
2026/01/20 18:38:10.403, 1 %, 34 %, 11392 MiB, 12288 MiB, 39, 13.28 W
2026/01/20 18:38:11.434, 1 %, 32 %, 11379 MiB, 12288 MiB, 39, 13.26 W
2026/01/20 18:38:12.475, 1 %, 24 %, 11379 MiB, 12288 MiB, 39, 13.36 W
2026/01/20 18:38:13.514, 9 %, 5 %, 11355 MiB, 12288 MiB, 39, 13.86 W
2026/01/20 18:38:14.556, 1 %, 26 %, 11355 MiB, 12288 MiB, 39, 13.35 W
2026/01/20 18:38:15.595, 0 %, 42 %, 11355 MiB, 12288 MiB, 39, 13.36 W
2026/01/20 18:38:16.635, 1 %, 30 %, 11444 MiB, 12288 MiB, 39, 14.30 W
2026/01/20 18:38:17.675, 1 %, 27 %, 11430 MiB, 12288 MiB, 39, 13.30 W
2026/01/20 18:38:18.713, 1 %, 34 %, 11377 MiB, 12288 MiB, 39, 13.76 W
2026/01/20 18:38:19.764, 2 %, 25 %, 11369 MiB, 12288 MiB, 39, 13.27 W
2026/01/20 18:38:20.803, 1 %, 19 %, 11369 MiB, 12288 MiB, 39, 13.48 W
2026/01/20 18:38:21.845, 0 %, 21 %, 11370 MiB, 12288 MiB, 39, 13.32 W
2026/01/20 18:38:22.875, 1 %, 37 %, 11370 MiB, 12288 MiB, 39, 13.28 W
2026/01/20 18:38:23.920, 2 %, 34 %, 11368 MiB, 12288 MiB, 39, 14.04 W
2026/01/20 18:38:24.951, 10 %, 20 %, 11361 MiB, 12288 MiB, 39, 13.60 W
2026/01/20 18:38:25.983, 17 %, 10 %, 11397 MiB, 12288 MiB, 39, 14.21 W
2026/01/20 18:38:27.027, 3 %, 10 %, 11407 MiB, 12288 MiB, 39, 13.45 W
2026/01/20 18:38:28.058, 0 %, 39 %, 11407 MiB, 12288 MiB, 39, 13.11 W
2026/01/20 18:38:29.087, 0 %, 41 %, 11394 MiB, 12288 MiB, 39, 13.92 W
2026/01/20 18:38:30.118, 8 %, 15 %, 11405 MiB, 12288 MiB, 39, 13.50 W
2026/01/20 18:38:31.149, 0 %, 25 %, 11404 MiB, 12288 MiB, 39, 13.25 W
2026/01/20 18:38:32.179, 0 %, 38 %, 11370 MiB, 12288 MiB, 39, 13.47 W
2026/01/20 18:38:33.231, 1 %, 34 %, 11371 MiB, 12288 MiB, 39, 13.92 W
2026/01/20 18:38:34.280, 9 %, 9 %, 11373 MiB, 12288 MiB, 39, 14.22 W
2026/01/20 18:38:35.324, 1 %, 33 %, 11375 MiB, 12288 MiB, 39, 13.73 W
2026/01/20 18:38:37.199, 1 %, 26 %, 11375 MiB, 12288 MiB, 39, 13.31 W
2026/01/20 18:38:38.230, 2 %, 17 %, 11365 MiB, 12288 MiB, 39, 13.07 W
2026/01/20 18:38:39.264, 17 %, 10 %, 11436 MiB, 12288 MiB, 39, 15.68 W
2026/01/20 18:38:40.312, 8 %, 4 %, 11435 MiB, 12288 MiB, 39, 14.52 W
2026/01/20 18:38:41.371, 3 %, 21 %, 11432 MiB, 12288 MiB, 39, 13.93 W
2026/01/20 18:38:42.409, 0 %, 30 %, 11432 MiB, 12288 MiB, 39, 13.32 W
2026/01/20 18:38:43.440, 1 %, 32 %, 11421 MiB, 12288 MiB, 39, 13.56 W
2026/01/20 18:38:44.475, 6 %, 6 %, 11411 MiB, 12288 MiB, 39, 14.12 W
2026/01/20 18:38:45.506, 0 %, 27 %, 11422 MiB, 12288 MiB, 39, 13.29 W
2026/01/20 18:38:46.536, 0 %, 20 %, 11422 MiB, 12288 MiB, 39, 13.23 W
2026/01/20 18:38:47.566, 0 %, 25 %, 11407 MiB, 12288 MiB, 39, 13.23 W
2026/01/20 18:38:48.597, 1 %, 14 %, 11359 MiB, 12288 MiB, 39, 13.39 W
2026/01/20 18:38:49.628, 16 %, 9 %, 11371 MiB, 12288 MiB, 39, 14.76 W
2026/01/20 18:38:50.679, 2 %, 10 %, 11379 MiB, 12288 MiB, 39, 13.84 W
2026/01/20 18:38:51.710, 1 %, 18 %, 11374 MiB, 12288 MiB, 39, 13.35 W
2026/01/20 18:38:52.740, 0 %, 31 %, 11366 MiB, 12288 MiB, 39, 13.19 W
2026/01/20 18:38:53.781, 0 %, 13 %, 11366 MiB, 12288 MiB, 39, 13.47 W
2026/01/20 18:38:54.829, 1 %, 33 %, 11365 MiB, 12288 MiB, 39, 14.16 W
2026/01/20 18:38:55.859, 1 %, 29 %, 11353 MiB, 12288 MiB, 39, 13.39 W
2026/01/20 18:38:56.891, 4 %, 36 %, 11354 MiB, 12288 MiB, 39, 13.50 W
2026/01/20 18:38:57.922, 12 %, 13 %, 11428 MiB, 12288 MiB, 39, 13.80 W
2026/01/20 18:38:58.964, 1 %, 43 %, 11428 MiB, 12288 MiB, 39, 13.08 W
2026/01/20 18:38:59.994, 6 %, 20 %, 11440 MiB, 12288 MiB, 39, 14.83 W
2026/01/20 18:39:01.025, 19 %, 11 %, 11443 MiB, 12288 MiB, 39, 14.38 W
2026/01/20 18:39:02.059, 1 %, 44 %, 11396 MiB, 12288 MiB, 39, 13.90 W
2026/01/20 18:39:03.091, 0 %, 50 %, 11396 MiB, 12288 MiB, 39, 13.42 W
2026/01/20 18:39:04.122, 0 %, 25 %, 11390 MiB, 12288 MiB, 39, 13.48 W
2026/01/20 18:39:05.174, 0 %, 31 %, 11399 MiB, 12288 MiB, 39, 14.40 W
2026/01/20 18:39:06.205, 0 %, 34 %, 11400 MiB, 12288 MiB, 39, 13.05 W
2026/01/20 18:39:08.138, 0 %, 5 %, 11394 MiB, 12288 MiB, 39, 13.62 W
2026/01/20 18:39:09.168, 0 %, 6 %, 11390 MiB, 12288 MiB, 39, 13.48 W
2026/01/20 18:39:10.199, 7 %, 4 %, 11361 MiB, 12288 MiB, 39, 13.58 W
2026/01/20 18:39:11.252, 2 %, 4 %, 11359 MiB, 12288 MiB, 39, 13.58 W
2026/01/20 18:39:12.282, 6 %, 24 %, 11376 MiB, 12288 MiB, 39, 13.41 W
2026/01/20 18:39:13.312, 0 %, 31 %, 11376 MiB, 12288 MiB, 39, 13.08 W
2026/01/20 18:39:14.343, 12 %, 15 %, 11374 MiB, 12288 MiB, 39, 13.18 W
2026/01/20 18:39:15.344, 9 %, 5 %, 11374 MiB, 12288 MiB, 39, 13.65 W
2026/01/20 18:39:16.409, 0 %, 3 %, 11374 MiB, 12288 MiB, 39, 13.82 W
2026/01/20 18:39:17.412, 0 %, 6 %, 11374 MiB, 12288 MiB, 39, 13.06 W
2026/01/20 18:39:18.415, 1 %, 5 %, 11366 MiB, 12288 MiB, 39, 13.03 W
2026/01/20 18:39:19.416, 0 %, 3 %, 11366 MiB, 12288 MiB, 39, 12.94 W
2026/01/20 18:39:20.419, 7 %, 4 %, 11337 MiB, 12288 MiB, 39, 13.45 W
2026/01/20 18:39:21.422, 0 %, 15 %, 11334 MiB, 12288 MiB, 39, 13.11 W
2026/01/20 18:39:22.425, 0 %, 8 %, 11336 MiB, 12288 MiB, 39, 13.06 W
2026/01/20 18:39:23.429, 0 %, 12 %, 11336 MiB, 12288 MiB, 39, 13.08 W
2026/01/20 18:39:24.432, 0 %, 17 %, 11336 MiB, 12288 MiB, 39, 13.07 W
2026/01/20 18:39:25.434, 7 %, 5 %, 11331 MiB, 12288 MiB, 39, 13.52 W
2026/01/20 18:39:26.436, 0 %, 3 %, 11331 MiB, 12288 MiB, 39, 13.11 W
2026/01/20 18:39:27.464, 2 %, 9 %, 11344 MiB, 12288 MiB, 39, 13.31 W
2026/01/20 18:39:28.466, 0 %, 20 %, 11355 MiB, 12288 MiB, 39, 13.22 W
2026/01/20 18:39:29.469, 1 %, 20 %, 11346 MiB, 12288 MiB, 39, 12.70 W
2026/01/20 18:39:30.497, 6 %, 5 %, 11331 MiB, 12288 MiB, 39, 13.27 W
2026/01/20 18:39:31.500, 0 %, 25 %, 11346 MiB, 12288 MiB, 39, 12.62 W
2026/01/20 18:39:32.502, 0 %, 30 %, 11346 MiB, 12288 MiB, 39, 12.65 W
2026/01/20 18:39:33.504, 2 %, 33 %, 11368 MiB, 12288 MiB, 39, 13.08 W
2026/01/20 18:39:34.507, 3 %, 13 %, 11319 MiB, 12288 MiB, 39, 13.53 W
2026/01/20 18:39:35.542, 10 %, 8 %, 11305 MiB, 12288 MiB, 39, 14.40 W
2026/01/20 18:39:36.544, 4 %, 5 %, 11304 MiB, 12288 MiB, 39, 14.20 W
2026/01/20 18:39:37.861, 1 %, 10 %, 11304 MiB, 12288 MiB, 39, 13.07 W
2026/01/20 18:39:39.359, 1 %, 3 %, 11304 MiB, 12288 MiB, 39, 12.89 W
2026/01/20 18:39:40.361, 2 %, 4 %, 11300 MiB, 12288 MiB, 39, 12.82 W
2026/01/20 18:39:41.363, 5 %, 6 %, 11280 MiB, 12288 MiB, 39, 13.33 W
2026/01/20 18:39:42.365, 2 %, 9 %, 11297 MiB, 12288 MiB, 39, 12.76 W
2026/01/20 18:39:43.399, 2 %, 6 %, 11298 MiB, 12288 MiB, 39, 12.84 W
2026/01/20 18:39:44.428, 0 %, 4 %, 11298 MiB, 12288 MiB, 39, 12.99 W
2026/01/20 18:39:45.458, 1 %, 8 %, 11298 MiB, 12288 MiB, 39, 12.62 W
2026/01/20 18:39:46.490, 4 %, 8 %, 11297 MiB, 12288 MiB, 39, 13.60 W
2026/01/20 18:39:47.532, 2 %, 18 %, 11298 MiB, 12288 MiB, 39, 13.09 W
2026/01/20 18:39:48.563, 3 %, 4 %, 11298 MiB, 12288 MiB, 39, 12.93 W
2026/01/20 18:39:49.594, 2 %, 10 %, 11298 MiB, 12288 MiB, 39, 12.88 W
2026/01/20 18:39:50.627, 1 %, 8 %, 11298 MiB, 12288 MiB, 39, 12.90 W
2026/01/20 18:39:51.658, 4 %, 10 %, 11298 MiB, 12288 MiB, 39, 13.61 W
2026/01/20 18:39:52.694, 0 %, 5 %, 11298 MiB, 12288 MiB, 39, 12.83 W
2026/01/20 18:39:53.735, 1 %, 21 %, 11298 MiB, 12288 MiB, 39, 12.95 W
2026/01/20 18:39:54.769, 0 %, 3 %, 11298 MiB, 12288 MiB, 39, 12.80 W
2026/01/20 18:39:55.800, 0 %, 3 %, 11298 MiB, 12288 MiB, 39, 12.88 W
2026/01/20 18:39:56.829, 2 %, 13 %, 11298 MiB, 12288 MiB, 39, 13.57 W
2026/01/20 18:39:57.860, 0 %, 12 %, 11298 MiB, 12288 MiB, 39, 13.01 W
2026/01/20 18:39:58.891, 0 %, 10 %, 11298 MiB, 12288 MiB, 39, 12.91 W
2026/01/20 18:39:59.923, 1 %, 12 %, 11298 MiB, 12288 MiB, 39, 13.06 W
2026/01/20 18:40:00.955, 1 %, 9 %, 11298 MiB, 12288 MiB, 39, 13.18 W
2026/01/20 18:40:01.998, 1 %, 4 %, 11298 MiB, 12288 MiB, 39, 13.24 W
2026/01/20 18:40:03.030, 2 %, 9 %, 11298 MiB, 12288 MiB, 39, 13.00 W
2026/01/20 18:40:04.061, 1 %, 3 %, 11298 MiB, 12288 MiB, 39, 12.75 W
2026/01/20 18:40:05.098, 1 %, 16 %, 11298 MiB, 12288 MiB, 39, 13.01 W
2026/01/20 18:40:06.137, 6 %, 14 %, 11298 MiB, 12288 MiB, 39, 13.27 W
2026/01/20 18:40:07.201, 0 %, 13 %, 11298 MiB, 12288 MiB, 39, 13.25 W
2026/01/20 18:40:08.228, 0 %, 12 %, 11298 MiB, 12288 MiB, 39, 12.75 W
2026/01/20 18:40:10.058, 0 %, 14 %, 11298 MiB, 12288 MiB, 39, 12.68 W
2026/01/20 18:40:11.061, 1 %, 10 %, 11298 MiB, 12288 MiB, 39, 12.66 W
2026/01/20 18:40:12.063, 11 %, 14 %, 11276 MiB, 12288 MiB, 39, 13.11 W
2026/01/20 18:40:13.110, 0 %, 4 %, 11280 MiB, 12288 MiB, 38, 12.90 W
2026/01/20 18:40:14.112, 1 %, 10 %, 11280 MiB, 12288 MiB, 39, 12.62 W
2026/01/20 18:40:15.115, 1 %, 8 %, 11270 MiB, 12288 MiB, 38, 12.64 W
2026/01/20 18:40:16.117, 3 %, 4 %, 11309 MiB, 12288 MiB, 39, 12.62 W
2026/01/20 18:40:17.119, 11 %, 7 %, 11309 MiB, 12288 MiB, 39, 13.36 W
2026/01/20 18:40:18.122, 0 %, 3 %, 11309 MiB, 12288 MiB, 38, 13.00 W
2026/01/20 18:40:19.124, 2 %, 7 %, 11299 MiB, 12288 MiB, 39, 12.89 W
2026/01/20 18:40:20.155, 2 %, 8 %, 11299 MiB, 12288 MiB, 38, 12.97 W
2026/01/20 18:40:21.157, 3 %, 10 %, 11299 MiB, 12288 MiB, 38, 12.84 W
2026/01/20 18:40:22.160, 10 %, 6 %, 11298 MiB, 12288 MiB, 39, 13.50 W
2026/01/20 18:40:23.188, 1 %, 18 %, 11298 MiB, 12288 MiB, 38, 13.13 W
2026/01/20 18:40:24.190, 1 %, 15 %, 11298 MiB, 12288 MiB, 38, 12.79 W
2026/01/20 18:40:25.193, 0 %, 15 %, 11298 MiB, 12288 MiB, 38, 12.74 W
2026/01/20 18:40:26.196, 8 %, 8 %, 11329 MiB, 12288 MiB, 38, 14.23 W
2026/01/20 18:40:27.198, 9 %, 6 %, 11329 MiB, 12288 MiB, 39, 13.30 W
2026/01/20 18:40:28.226, 2 %, 4 %, 11325 MiB, 12288 MiB, 38, 13.12 W
2026/01/20 18:40:29.228, 1 %, 7 %, 11323 MiB, 12288 MiB, 38, 12.79 W
2026/01/20 18:40:30.231, 0 %, 9 %, 11313 MiB, 12288 MiB, 38, 12.91 W
2026/01/20 18:40:31.233, 0 %, 3 %, 11313 MiB, 12288 MiB, 38, 12.92 W
2026/01/20 18:40:32.236, 9 %, 6 %, 11290 MiB, 12288 MiB, 39, 13.43 W
2026/01/20 18:40:33.263, 3 %, 13 %, 11307 MiB, 12288 MiB, 39, 13.28 W
2026/01/20 18:40:34.266, 1 %, 11 %, 11337 MiB, 12288 MiB, 38, 13.96 W
2026/01/20 18:40:35.268, 3 %, 8 %, 11343 MiB, 12288 MiB, 38, 12.99 W
2026/01/20 18:40:36.271, 3 %, 10 %, 11341 MiB, 12288 MiB, 38, 13.08 W
2026/01/20 18:40:37.273, 9 %, 8 %, 11338 MiB, 12288 MiB, 39, 13.79 W
2026/01/20 18:40:38.314, 2 %, 14 %, 11330 MiB, 12288 MiB, 38, 13.15 W
2026/01/20 18:40:40.209, 2 %, 3 %, 11309 MiB, 12288 MiB, 39, 13.00 W
2026/01/20 18:40:41.242, 1 %, 3 %, 11297 MiB, 12288 MiB, 38, 13.18 W
2026/01/20 18:40:42.274, 14 %, 8 %, 11301 MiB, 12288 MiB, 39, 14.01 W
2026/01/20 18:40:43.326, 11 %, 7 %, 11322 MiB, 12288 MiB, 39, 15.13 W
2026/01/20 18:40:44.381, 7 %, 4 %, 11322 MiB, 12288 MiB, 39, 14.56 W
2026/01/20 18:40:45.437, 19 %, 12 %, 11317 MiB, 12288 MiB, 39, 15.08 W
2026/01/20 18:40:46.500, 1 %, 4 %, 11336 MiB, 12288 MiB, 39, 14.11 W
2026/01/20 18:40:47.533, 1 %, 4 %, 11336 MiB, 12288 MiB, 38, 12.94 W
2026/01/20 18:40:48.568, 2 %, 18 %, 11324 MiB, 12288 MiB, 38, 13.52 W
2026/01/20 18:40:49.601, 1 %, 4 %, 11324 MiB, 12288 MiB, 39, 12.94 W
2026/01/20 18:40:50.630, 1 %, 3 %, 11325 MiB, 12288 MiB, 38, 13.05 W
2026/01/20 18:40:51.662, 1 %, 16 %, 11322 MiB, 12288 MiB, 38, 12.89 W
2026/01/20 18:40:52.702, 4 %, 5 %, 11291 MiB, 12288 MiB, 39, 13.04 W
2026/01/20 18:40:53.731, 2 %, 5 %, 11291 MiB, 12288 MiB, 38, 13.65 W
2026/01/20 18:40:54.762, 2 %, 22 %, 11291 MiB, 12288 MiB, 38, 12.85 W
2026/01/20 18:40:55.793, 3 %, 10 %, 11314 MiB, 12288 MiB, 38, 14.26 W
2026/01/20 18:40:56.827, 1 %, 5 %, 11314 MiB, 12288 MiB, 38, 13.02 W
2026/01/20 18:40:57.857, 1 %, 3 %, 11302 MiB, 12288 MiB, 38, 13.04 W
2026/01/20 18:40:58.899, 0 %, 13 %, 11302 MiB, 12288 MiB, 38, 13.48 W
2026/01/20 18:40:59.938, 11 %, 7 %, 11328 MiB, 12288 MiB, 40, 18.64 W
2026/01/20 18:41:00.968, 0 %, 0 %, 11333 MiB, 12288 MiB, 40, 39.01 W
2026/01/20 18:41:01.970, 1 %, 0 %, 11332 MiB, 12288 MiB, 40, 38.95 W
2026/01/20 18:41:02.973, 1 %, 0 %, 11331 MiB, 12288 MiB, 40, 39.02 W
2026/01/20 18:41:04.000, 0 %, 4 %, 11331 MiB, 12288 MiB, 39, 15.71 W
2026/01/20 18:41:05.003, 1 %, 5 %, 11318 MiB, 12288 MiB, 39, 13.15 W
2026/01/20 18:41:06.007, 1 %, 3 %, 11317 MiB, 12288 MiB, 39, 12.98 W
2026/01/20 18:41:07.010, 0 %, 9 %, 11316 MiB, 12288 MiB, 39, 13.05 W
2026/01/20 18:41:08.012, 7 %, 4 %, 11275 MiB, 12288 MiB, 39, 13.45 W
2026/01/20 18:41:09.017, 9 %, 7 %, 11286 MiB, 12288 MiB, 39, 14.75 W
2026/01/20 18:41:10.019, 1 %, 13 %, 11286 MiB, 12288 MiB, 39, 13.10 W
2026/01/20 18:41:11.903, 1 %, 18 %, 11292 MiB, 12288 MiB, 39, 13.08 W
2026/01/20 18:41:12.929, 0 %, 3 %, 11325 MiB, 12288 MiB, 39, 13.78 W
2026/01/20 18:41:13.931, 6 %, 4 %, 11324 MiB, 12288 MiB, 39, 14.14 W
2026/01/20 18:41:14.934, 0 %, 14 %, 11324 MiB, 12288 MiB, 39, 13.44 W
2026/01/20 18:41:15.936, 0 %, 8 %, 11324 MiB, 12288 MiB, 39, 13.19 W
2026/01/20 18:41:16.938, 0 %, 24 %, 11330 MiB, 12288 MiB, 39, 13.40 W
2026/01/20 18:41:17.966, 0 %, 39 %, 11330 MiB, 12288 MiB, 39, 12.79 W
2026/01/20 18:41:18.968, 5 %, 20 %, 11311 MiB, 12288 MiB, 39, 13.44 W
2026/01/20 18:41:19.971, 0 %, 35 %, 11312 MiB, 12288 MiB, 39, 13.06 W
2026/01/20 18:41:20.973, 0 %, 23 %, 11312 MiB, 12288 MiB, 38, 13.85 W
2026/01/20 18:41:21.976, 0 %, 30 %, 11297 MiB, 12288 MiB, 39, 14.19 W
2026/01/20 18:41:23.007, 3 %, 18 %, 11285 MiB, 12288 MiB, 38, 13.81 W
2026/01/20 18:41:24.010, 7 %, 6 %, 11289 MiB, 12288 MiB, 39, 14.47 W
2026/01/20 18:41:25.013, 1 %, 23 %, 11293 MiB, 12288 MiB, 38, 13.47 W
2026/01/20 18:41:26.015, 0 %, 30 %, 11293 MiB, 12288 MiB, 38, 12.68 W
2026/01/20 18:41:27.018, 0 %, 23 %, 11289 MiB, 12288 MiB, 39, 13.23 W
2026/01/20 18:41:28.060, 5 %, 26 %, 11289 MiB, 12288 MiB, 38, 13.69 W
2026/01/20 18:41:29.062, 7 %, 13 %, 11297 MiB, 12288 MiB, 39, 13.73 W
2026/01/20 18:41:30.066, 3 %, 15 %, 11294 MiB, 12288 MiB, 39, 13.48 W
2026/01/20 18:41:31.068, 9 %, 18 %, 11294 MiB, 12288 MiB, 38, 13.28 W
2026/01/20 18:41:32.071, 0 %, 36 %, 11294 MiB, 12288 MiB, 38, 13.62 W
2026/01/20 18:41:33.073, 3 %, 36 %, 11294 MiB, 12288 MiB, 38, 13.16 W
2026/01/20 18:41:34.076, 9 %, 5 %, 11293 MiB, 12288 MiB, 39, 13.75 W
2026/01/20 18:41:35.115, 5 %, 26 %, 11293 MiB, 12288 MiB, 38, 13.96 W
2026/01/20 18:41:36.118, 2 %, 34 %, 11293 MiB, 12288 MiB, 39, 13.85 W
2026/01/20 18:41:37.120, 3 %, 34 %, 11293 MiB, 12288 MiB, 38, 12.85 W
2026/01/20 18:41:38.123, 0 %, 39 %, 11293 MiB, 12288 MiB, 38, 12.68 W
2026/01/20 18:41:39.125, 7 %, 4 %, 11285 MiB, 12288 MiB, 39, 13.95 W
2026/01/20 18:41:40.153, 0 %, 3 %, 11280 MiB, 12288 MiB, 38, 13.18 W
2026/01/20 18:41:41.984, 0 %, 29 %, 11280 MiB, 12288 MiB, 38, 12.78 W
2026/01/20 18:41:42.987, 0 %, 28 %, 11280 MiB, 12288 MiB, 38, 12.95 W
2026/01/20 18:41:43.989, 0 %, 5 %, 11280 MiB, 12288 MiB, 38, 13.05 W
2026/01/20 18:41:44.991, 7 %, 4 %, 11276 MiB, 12288 MiB, 39, 13.64 W
2026/01/20 18:41:46.021, 0 %, 22 %, 11276 MiB, 12288 MiB, 38, 12.83 W
2026/01/20 18:41:47.023, 0 %, 47 %, 11276 MiB, 12288 MiB, 38, 12.73 W
2026/01/20 18:41:48.025, 0 %, 22 %, 11274 MiB, 12288 MiB, 38, 12.77 W
2026/01/20 18:41:49.028, 0 %, 42 %, 11274 MiB, 12288 MiB, 38, 12.84 W
2026/01/20 18:41:50.030, 6 %, 5 %, 11274 MiB, 12288 MiB, 38, 13.40 W
2026/01/20 18:41:51.060, 0 %, 37 %, 11274 MiB, 12288 MiB, 38, 12.79 W
2026/01/20 18:41:52.062, 0 %, 3 %, 11273 MiB, 12288 MiB, 38, 13.09 W
2026/01/20 18:41:53.065, 0 %, 12 %, 11273 MiB, 12288 MiB, 38, 12.90 W
2026/01/20 18:41:54.068, 1 %, 34 %, 11272 MiB, 12288 MiB, 38, 12.81 W
2026/01/20 18:41:55.070, 6 %, 4 %, 11272 MiB, 12288 MiB, 38, 13.44 W
2026/01/20 18:41:56.096, 0 %, 15 %, 11272 MiB, 12288 MiB, 38, 13.05 W
2026/01/20 18:41:57.098, 0 %, 20 %, 11272 MiB, 12288 MiB, 38, 12.53 W
2026/01/20 18:41:58.100, 0 %, 31 %, 11272 MiB, 12288 MiB, 38, 12.64 W
2026/01/20 18:41:59.102, 0 %, 27 %, 11292 MiB, 12288 MiB, 38, 12.77 W
2026/01/20 18:42:00.103, 4 %, 4 %, 11292 MiB, 12288 MiB, 38, 13.39 W
2026/01/20 18:42:01.137, 0 %, 4 %, 11292 MiB, 12288 MiB, 38, 12.84 W
2026/01/20 18:42:02.141, 0 %, 15 %, 11292 MiB, 12288 MiB, 38, 12.64 W
2026/01/20 18:42:03.143, 0 %, 11 %, 11284 MiB, 12288 MiB, 38, 12.88 W
2026/01/20 18:42:04.172, 0 %, 7 %, 11284 MiB, 12288 MiB, 38, 12.79 W
2026/01/20 18:42:05.174, 2 %, 7 %, 11272 MiB, 12288 MiB, 38, 13.32 W
2026/01/20 18:42:06.176, 0 %, 13 %, 11272 MiB, 12288 MiB, 38, 12.73 W
2026/01/20 18:42:07.179, 0 %, 3 %, 11272 MiB, 12288 MiB, 38, 12.65 W
2026/01/20 18:42:08.181, 1 %, 14 %, 11270 MiB, 12288 MiB, 38, 12.80 W
2026/01/20 18:42:09.208, 0 %, 4 %, 11270 MiB, 12288 MiB, 38, 12.77 W
2026/01/20 18:42:10.209, 0 %, 8 %, 11270 MiB, 12288 MiB, 38, 13.37 W
2026/01/20 18:42:11.212, 0 %, 5 %, 11270 MiB, 12288 MiB, 38, 12.78 W
2026/01/20 18:42:13.049, 0 %, 8 %, 11270 MiB, 12288 MiB, 38, 12.74 W
2026/01/20 18:42:14.052, 0 %, 5 %, 11270 MiB, 12288 MiB, 38, 12.69 W
2026/01/20 18:42:15.082, 0 %, 15 %, 11270 MiB, 12288 MiB, 38, 12.80 W
2026/01/20 18:42:16.085, 0 %, 5 %, 11270 MiB, 12288 MiB, 38, 13.28 W
2026/01/20 18:42:17.089, 1 %, 5 %, 11271 MiB, 12288 MiB, 38, 13.06 W
2026/01/20 18:42:18.091, 8 %, 6 %, 11273 MiB, 12288 MiB, 38, 13.90 W
2026/01/20 18:42:19.093, 0 %, 13 %, 11273 MiB, 12288 MiB, 38, 12.57 W
2026/01/20 18:42:20.120, 0 %, 11 %, 11273 MiB, 12288 MiB, 38, 12.62 W
2026/01/20 18:42:21.124, 7 %, 5 %, 11273 MiB, 12288 MiB, 38, 13.26 W
2026/01/20 18:42:22.126, 0 %, 6 %, 11273 MiB, 12288 MiB, 38, 12.75 W
2026/01/20 18:42:23.128, 0 %, 12 %, 11273 MiB, 12288 MiB, 38, 14.02 W
2026/01/20 18:42:24.131, 0 %, 8 %, 11273 MiB, 12288 MiB, 38, 12.83 W
2026/01/20 18:42:25.179, 4 %, 4 %, 11288 MiB, 12288 MiB, 38, 13.65 W
2026/01/20 18:42:26.181, 3 %, 14 %, 11289 MiB, 12288 MiB, 38, 13.44 W
2026/01/20 18:42:27.183, 0 %, 3 %, 11289 MiB, 12288 MiB, 38, 12.73 W
2026/01/20 18:42:28.186, 0 %, 22 %, 11289 MiB, 12288 MiB, 38, 12.61 W
2026/01/20 18:42:29.189, 0 %, 9 %, 11280 MiB, 12288 MiB, 38, 12.69 W
2026/01/20 18:42:30.191, 0 %, 15 %, 11280 MiB, 12288 MiB, 38, 12.66 W
2026/01/20 18:42:31.194, 1 %, 6 %, 11270 MiB, 12288 MiB, 38, 13.34 W
2026/01/20 18:42:32.196, 0 %, 4 %, 11270 MiB, 12288 MiB, 38, 12.68 W
2026/01/20 18:42:33.199, 0 %, 3 %, 11270 MiB, 12288 MiB, 38, 12.61 W
2026/01/20 18:42:34.202, 0 %, 13 %, 11270 MiB, 12288 MiB, 38, 12.73 W
2026/01/20 18:42:35.230, 0 %, 14 %, 11270 MiB, 12288 MiB, 38, 12.80 W
2026/01/20 18:42:36.232, 0 %, 3 %, 11271 MiB, 12288 MiB, 38, 13.29 W
2026/01/20 18:42:37.235, 0 %, 13 %, 11271 MiB, 12288 MiB, 38, 12.72 W
2026/01/20 18:42:38.238, 0 %, 3 %, 11271 MiB, 12288 MiB, 38, 12.73 W
2026/01/20 18:42:39.267, 0 %, 14 %, 11271 MiB, 12288 MiB, 38, 12.62 W
2026/01/20 18:42:40.269, 0 %, 3 %, 11271 MiB, 12288 MiB, 38, 12.82 W
2026/01/20 18:42:41.271, 0 %, 8 %, 11270 MiB, 12288 MiB, 38, 13.29 W
2026/01/20 18:42:42.273, 0 %, 7 %, 11270 MiB, 12288 MiB, 38, 12.57 W
2026/01/20 18:42:44.121, 0 %, 16 %, 11270 MiB, 12288 MiB, 38, 12.71 W
2026/01/20 18:42:45.152, 0 %, 4 %, 11270 MiB, 12288 MiB, 38, 12.76 W
2026/01/20 18:42:46.154, 0 %, 6 %, 11270 MiB, 12288 MiB, 38, 12.58 W
2026/01/20 18:42:47.156, 1 %, 4 %, 11270 MiB, 12288 MiB, 38, 13.34 W
2026/01/20 18:42:48.159, 0 %, 3 %, 11285 MiB, 12288 MiB, 38, 12.77 W
2026/01/20 18:42:49.161, 0 %, 15 %, 11285 MiB, 12288 MiB, 38, 12.94 W
2026/01/20 18:42:50.163, 1 %, 20 %, 11286 MiB, 12288 MiB, 38, 13.11 W
2026/01/20 18:42:51.190, 3 %, 4 %, 11287 MiB, 12288 MiB, 38, 12.82 W
2026/01/20 18:42:52.192, 2 %, 9 %, 11287 MiB, 12288 MiB, 38, 13.69 W
2026/01/20 18:42:53.194, 0 %, 4 %, 11287 MiB, 12288 MiB, 38, 12.66 W
2026/01/20 18:42:54.197, 0 %, 4 %, 11287 MiB, 12288 MiB, 38, 12.66 W
2026/01/20 18:42:55.199, 0 %, 7 %, 11277 MiB, 12288 MiB, 38, 12.86 W
2026/01/20 18:42:56.244, 0 %, 22 %, 11273 MiB, 12288 MiB, 38, 13.17 W
2026/01/20 18:42:57.246, 1 %, 7 %, 11273 MiB, 12288 MiB, 38, 13.39 W
2026/01/20 18:42:58.248, 1 %, 7 %, 11303 MiB, 12288 MiB, 38, 13.29 W
2026/01/20 18:42:59.250, 0 %, 12 %, 11304 MiB, 12288 MiB, 38, 12.77 W
2026/01/20 18:43:00.255, 4 %, 11 %, 11312 MiB, 12288 MiB, 38, 13.10 W
2026/01/20 18:43:01.257, 1 %, 6 %, 11312 MiB, 12288 MiB, 38, 12.77 W
2026/01/20 18:43:02.286, 2 %, 11 %, 11312 MiB, 12288 MiB, 38, 13.65 W
2026/01/20 18:43:03.288, 1 %, 11 %, 11311 MiB, 12288 MiB, 38, 12.69 W
2026/01/20 18:43:04.291, 1 %, 8 %, 11299 MiB, 12288 MiB, 38, 12.81 W
2026/01/20 18:43:05.293, 0 %, 3 %, 11298 MiB, 12288 MiB, 38, 12.68 W
2026/01/20 18:43:06.295, 0 %, 8 %, 11309 MiB, 12288 MiB, 38, 13.12 W
2026/01/20 18:43:07.327, 2 %, 9 %, 11309 MiB, 12288 MiB, 38, 14.08 W
2026/01/20 18:43:08.328, 2 %, 11 %, 11309 MiB, 12288 MiB, 38, 12.81 W
2026/01/20 18:43:09.331, 0 %, 6 %, 11307 MiB, 12288 MiB, 38, 12.62 W
2026/01/20 18:43:10.333, 0 %, 3 %, 11299 MiB, 12288 MiB, 38, 12.68 W
2026/01/20 18:43:11.335, 0 %, 10 %, 11299 MiB, 12288 MiB, 38, 12.66 W
2026/01/20 18:43:12.382, 2 %, 5 %, 11309 MiB, 12288 MiB, 38, 13.50 W
2026/01/20 18:43:13.385, 0 %, 4 %, 11319 MiB, 12288 MiB, 38, 14.25 W
2026/01/20 18:43:15.303, 1 %, 13 %, 11315 MiB, 12288 MiB, 38, 12.89 W
2026/01/20 18:43:16.306, 0 %, 5 %, 11315 MiB, 12288 MiB, 38, 12.91 W
2026/01/20 18:43:17.309, 4 %, 5 %, 11303 MiB, 12288 MiB, 38, 13.23 W
2026/01/20 18:43:18.312, 4 %, 13 %, 11304 MiB, 12288 MiB, 38, 13.75 W
2026/01/20 18:43:19.315, 3 %, 6 %, 11289 MiB, 12288 MiB, 38, 12.93 W
2026/01/20 18:43:20.318, 2 %, 4 %, 11289 MiB, 12288 MiB, 38, 12.82 W
2026/01/20 18:43:21.320, 1 %, 16 %, 11289 MiB, 12288 MiB, 38, 12.90 W
2026/01/20 18:43:22.323, 3 %, 4 %, 11311 MiB, 12288 MiB, 38, 13.05 W
2026/01/20 18:43:23.353, 2 %, 28 %, 11311 MiB, 12288 MiB, 38, 13.63 W
2026/01/20 18:43:24.355, 6 %, 20 %, 11307 MiB, 12288 MiB, 38, 13.52 W
2026/01/20 18:43:25.386, 3 %, 4 %, 11299 MiB, 12288 MiB, 38, 13.24 W
2026/01/20 18:43:26.388, 3 %, 6 %, 11299 MiB, 12288 MiB, 38, 12.98 W
2026/01/20 18:43:27.390, 2 %, 6 %, 11299 MiB, 12288 MiB, 38, 12.98 W
2026/01/20 18:43:28.393, 2 %, 17 %, 11299 MiB, 12288 MiB, 38, 13.65 W
2026/01/20 18:43:29.395, 2 %, 7 %, 11299 MiB, 12288 MiB, 38, 13.01 W
2026/01/20 18:43:30.425, 1 %, 3 %, 11299 MiB, 12288 MiB, 38, 13.08 W
2026/01/20 18:43:31.427, 1 %, 11 %, 11299 MiB, 12288 MiB, 38, 12.78 W
2026/01/20 18:43:32.430, 1 %, 6 %, 11299 MiB, 12288 MiB, 38, 12.87 W
2026/01/20 18:43:33.432, 1 %, 10 %, 11299 MiB, 12288 MiB, 38, 13.59 W
2026/01/20 18:43:34.459, 5 %, 12 %, 11313 MiB, 12288 MiB, 38, 13.19 W
2026/01/20 18:43:35.462, 10 %, 8 %, 11374 MiB, 12288 MiB, 38, 14.40 W
2026/01/20 18:43:36.466, 1 %, 10 %, 11373 MiB, 12288 MiB, 38, 13.20 W
